trip_start_datetime,trip_end_datetime,trip_duration_seconds,trip_duration_minutes,data_vendor_id,fare_rate_code_id,stored_and_forwarded_flag,payment_method_code,number_of_passengers,trip_distance_miles,total_trip_amount,pickup_location_id,dropoff_location_id
2024-06-25 21:01:23,2024-06-25 21:07:50,387.0,6.45,1,1,N,1,3,1.3,16.3,211,113
2024-10-13 03:34:09,2024-10-13 03:45:05,656.0,10.93,2,1,N,1,1,2.1,22.25,148,170
2024-01-20 19:28:14,2024-01-20 19:32:20,246.0,4.1,2,1,N,1,2,0.74,11.3,140,141
2024-06-23 11:46:45,2024-06-23 11:48:54,129.0,2.15,2,1,N,1,1,0.6,10.92,238,239
2024-10-28 21:59:39,2024-10-28 22:15:14,935.0,15.58,2,1,N,1,2,2.57,25.13,163,263
2024-05-30 12:11:39,2024-05-30 12:19:43,484.0,8.07,2,1,N,2,1,1.13,13.3,237,236
2024-04-20 21:18:19,2024-04-20 22:02:54,2675.0,44.58,2,1,N,1,2,20.44,97.39,132,65
2024-12-27 13:58:05,2024-12-27 14:07:54,589.0,9.82,1,1,N,1,1,1.6,15.0,263,239
2024-05-15 09:29:57,2024-05-15 09:40:23,626.0,10.43,2,1,N,1,1,2.22,19.3,137,141
2024-07-27 13:54:26,2024-07-27 14:24:04,1778.0,29.63,2,1,N,1,4,6.47,46.2,88,43
2024-05-09 21:37:33,2024-05-09 21:45:09,456.0,7.6,2,1,N,1,5,0.85,16.32,164,186
2024-12-15 01:43:49,2024-12-15 01:50:59,430.0,7.17,1,1,N,1,1,0.7,15.25,249,114
2024-06-20 14:36:52,2024-06-20 14:44:01,429.0,7.15,2,1,N,1,1,0.54,12.9,234,234
2024-11-16 22:56:39,2024-11-16 23:23:55,1636.0,27.27,2,1,N,1,1,6.14,42.36,162,33
2024-03-20 21:51:08,2024-03-20 21:57:11,363.0,6.05,2,1,N,1,2,1.02,15.48,144,148
2024-02-26 19:26:56,2024-02-26 19:49:17,1341.0,22.35,1,,N,1,1,9.5,35.0,175,218
2024-12-07 11:20:53,2024-12-07 11:35:01,848.0,14.13,2,1,N,1,1,2.98,24.36,237,41
2024-07-29 09:16:37,2024-07-29 09:43:47,1630.0,27.17,2,1,N,1,1,2.45,30.3,229,246
2024-09-04 20:02:05,2024-09-04 20:06:18,253.0,4.22,2,1,N,1,1,0.63,12.96,262,237
2024-02-22 11:39:20,2024-02-22 11:53:33,853.0,14.22,2,1,N,2,1,6.09,27.95,132,132
2024-12-12 15:24:57,2024-12-12 15:47:54,1377.0,22.95,2,1,N,1,3,2.56,30.24,236,163
2024-07-19 18:58:31,2024-07-19 19:19:43,1272.0,21.2,2,1,N,1,1,2.98,29.0,161,79
2024-09-28 08:18:43,2024-09-28 08:30:40,717.0,11.95,2,1,N,1,1,2.37,21.84,75,163
2024-10-29 13:18:54,2024-10-29 13:28:10,556.0,9.27,1,1,N,1,1,0.6,15.1,234,114
2024-05-31 08:26:28,2024-05-31 08:34:16,468.0,7.8,1,1,N,1,1,1.6,16.1,236,162
2024-10-25 22:42:06,2024-10-25 22:59:46,1060.0,17.67,2,1,N,1,1,1.94,24.3,229,186
2024-04-08 08:41:36,2024-04-08 09:05:39,1443.0,24.05,2,,,,,2.39,37.13,246,163
2024-07-20 18:11:54,2024-07-20 18:36:12,1458.0,24.3,1,1,N,1,2,6.4,40.3,68,41
2024-06-07 23:08:42,2024-06-07 23:13:23,281.0,4.68,2,1,N,1,1,1.0,14.64,100,90
2024-09-07 14:57:04,2024-09-07 15:12:08,904.0,15.07,1,1,N,1,1,1.2,18.8,229,237
2024-08-18 14:22:39,2024-08-18 14:27:18,279.0,4.65,2,1,N,1,1,1.0,12.88,142,50
2024-03-31 18:19:31,2024-03-31 18:34:33,902.0,15.03,2,1,N,1,1,2.19,23.52,170,79
2024-03-16 18:39:46,2024-03-16 18:49:26,580.0,9.67,2,1,N,2,1,1.06,14.0,249,113
2024-12-05 17:55:13,2024-12-05 18:09:05,832.0,13.87,1,1,N,1,1,1.4,22.0,246,48
2024-03-08 22:34:38,2024-03-08 22:54:20,1182.0,19.7,2,,,,,2.47,24.27,158,230
2024-01-14 17:03:20,2024-01-14 17:16:55,815.0,13.58,2,1,N,1,4,1.16,20.16,148,125
2024-03-24 03:50:06,2024-03-24 04:00:53,647.0,10.78,2,1,N,1,1,2.51,23.12,113,13
2024-12-16 22:02:29,2024-12-16 22:12:10,581.0,9.68,1,1,N,2,3,1.9,16.4,161,113
2024-11-16 01:41:40,2024-11-16 01:55:05,805.0,13.42,2,,,,,2.61,22.44,249,170
2024-09-15 11:11:55,2024-09-15 11:30:29,1114.0,18.57,2,1,N,1,1,1.84,26.04,142,164
2024-11-02 22:55:55,2024-11-02 23:14:01,1086.0,18.1,2,1,N,1,2,5.67,38.88,142,116
2024-05-22 18:00:23,2024-05-22 18:07:38,435.0,7.25,2,1,N,1,2,0.75,17.28,237,162
2024-02-07 10:10:01,2024-02-07 10:16:53,412.0,6.87,2,1,N,1,1,0.76,15.12,237,236
2024-04-05 11:07:24,2024-04-05 11:14:09,405.0,6.75,2,,,,,1.61,14.8,213,183
2024-06-12 18:20:51,2024-06-12 18:35:15,864.0,14.4,2,1,N,2,1,1.18,20.0,162,170
2024-07-04 17:10:16,2024-07-04 17:24:01,825.0,13.75,2,1,N,2,1,1.98,18.2,100,239
2024-11-06 07:31:21,2024-11-06 07:54:56,1415.0,23.58,2,,,,,5.91,2.8,263,249
2024-03-13 07:57:06,2024-03-13 08:25:40,1714.0,28.57,2,,,,,5.42,53.24,142,232
2024-06-07 17:23:33,2024-06-07 18:10:51,2838.0,47.3,2,1,N,2,1,9.93,76.95,138,239
2024-05-07 10:23:31,2024-05-07 10:42:52,1161.0,19.35,2,1,N,2,2,1.34,21.0,186,142
2024-06-28 22:36:21,2024-06-28 22:54:16,1075.0,17.92,2,,,,,5.22,28.38,169,213
2024-09-14 00:43:35,2024-09-14 01:01:28,1073.0,17.88,1,,,,,3.5,24.69,256,146
2024-05-29 18:53:02,2024-05-29 18:58:24,322.0,5.37,2,1,N,1,1,0.73,16.44,142,239
2024-05-23 16:39:58,2024-05-23 16:59:07,1149.0,19.15,1,1,N,1,1,1.5,20.0,161,233
2024-04-15 19:43:15,2024-04-15 19:59:33,978.0,16.3,1,1,N,1,2,9.1,57.39,138,170
2024-03-08 11:59:49,2024-03-08 12:21:45,1316.0,21.93,2,1,N,1,1,4.91,34.62,236,137
2024-08-26 09:20:04,2024-08-26 09:39:22,1158.0,19.3,2,1,N,1,3,5.86,42.2,161,88
2024-02-23 23:24:56,2024-02-23 23:34:02,546.0,9.1,2,1,N,1,1,1.09,17.0,249,211
2024-05-21 17:55:28,2024-05-21 18:18:00,1352.0,22.53,2,1,N,1,1,2.91,30.47,158,163
2024-05-19 13:53:16,2024-05-19 14:13:41,1225.0,20.42,2,1,N,1,2,5.99,38.64,236,148
2024-12-04 08:14:05,2024-12-04 08:26:23,738.0,12.3,1,1,N,1,1,1.4,20.15,237,170
2024-10-20 12:40:52,2024-10-20 12:51:15,623.0,10.38,2,1,N,2,1,1.6,16.1,161,236
2024-06-08 00:00:10,2024-06-08 00:24:35,1465.0,24.42,2,,,,,3.36,33.68,148,25
2024-04-09 23:48:42,2024-04-10 00:01:24,762.0,12.7,2,,,,,2.45,22.71,158,230
2024-08-04 12:36:21,2024-08-04 13:01:42,1521.0,25.35,1,1,N,1,1,10.7,69.79,162,138
2024-04-30 19:31:43,2024-04-30 19:37:30,347.0,5.78,2,1,N,1,1,0.63,11.2,41,42
2024-05-15 10:30:50,2024-05-15 10:44:42,832.0,13.87,1,1,N,1,1,1.2,21.0,236,140
2024-04-26 07:27:27,2024-04-26 07:34:09,402.0,6.7,2,1,N,1,1,1.21,15.96,238,166
2024-10-24 15:22:24,2024-10-24 15:37:41,917.0,15.28,2,1,N,1,1,2.27,23.52,48,238
2024-07-17 22:59:10,2024-07-17 23:14:55,945.0,15.75,2,,,,,2.57,7.18,161,263
2024-09-27 13:31:52,2024-09-27 13:33:34,102.0,1.7,2,1,N,2,1,0.31,5.2,166,166
2024-10-01 15:22:35,2024-10-01 16:05:08,2553.0,42.55,1,1,N,1,1,4.3,51.85,137,239
2024-08-25 12:01:12,2024-08-25 12:08:54,462.0,7.7,2,1,N,1,4,0.83,15.12,246,50
2024-12-17 10:16:18,2024-12-17 10:36:49,1231.0,20.52,2,1,N,1,1,2.91,23.8,4,100
2024-06-21 19:40:39,2024-06-21 19:48:30,471.0,7.85,2,1,N,1,2,1.21,16.59,68,249
2024-12-18 14:16:13,2024-12-18 14:42:15,1562.0,26.03,2,1,N,1,1,1.2,30.24,107,186
2024-09-22 07:50:16,2024-09-22 07:54:19,243.0,4.05,2,1,N,1,1,0.97,12.5,170,162
2024-05-23 13:57:12,2024-05-23 14:13:52,1000.0,16.67,2,1,N,1,2,2.21,25.2,43,161
2024-05-14 09:24:04,2024-05-14 09:46:05,1321.0,22.02,1,,,,,1.9,27.72,236,230
2024-11-23 12:44:27,2024-11-23 13:00:21,954.0,15.9,2,,,,,1.37,19.3,141,142
2024-07-08 23:34:37,2024-07-08 23:44:46,609.0,10.15,1,1,N,1,1,1.4,16.0,125,107
2024-12-25 15:02:01,2024-12-25 15:15:05,784.0,13.07,2,,,,,0.87,18.75,164,100
2024-09-21 01:29:06,2024-09-21 01:33:51,285.0,4.75,2,1,N,1,1,1.23,15.48,48,246
2024-11-25 06:54:43,2024-11-25 06:56:02,79.0,1.32,2,1,N,2,1,0.34,7.7,161,161
2024-01-07 12:53:59,2024-01-07 13:11:31,1052.0,17.53,2,1,N,1,1,2.97,23.4,140,100
2024-05-15 23:42:17,2024-05-15 23:46:29,252.0,4.2,2,1,N,1,2,0.91,12.0,48,50
2024-05-12 04:11:27,2024-05-12 04:13:58,151.0,2.52,2,1,N,1,1,0.83,12.96,229,141
2024-08-12 14:19:36,2024-08-12 14:56:05,2189.0,36.48,1,1,N,1,1,3.6,38.65,234,211
2024-04-02 09:27:22,2024-04-02 09:32:14,292.0,4.87,2,1,N,1,1,1.24,12.7,113,137
2024-09-21 22:27:55,2024-09-21 23:07:23,2368.0,39.47,2,2,N,1,2,16.56,98.88,132,107
2024-12-18 22:54:36,2024-12-18 22:58:09,213.0,3.55,2,1,N,1,2,0.79,12.42,50,48
2024-09-06 20:18:08,2024-09-06 20:36:44,1116.0,18.6,2,1,N,1,2,4.42,33.96,246,24
2024-05-25 20:06:20,2024-05-25 20:25:46,1166.0,19.43,2,1,N,1,2,3.01,32.24,249,229
2024-09-24 08:13:56,2024-09-24 08:29:38,942.0,15.7,2,1,N,1,1,2.11,25.38,166,236
2024-04-21 00:34:56,2024-04-21 00:52:08,1032.0,17.2,2,1,N,1,4,2.96,26.4,158,170
2024-12-19 22:44:14,2024-12-19 23:08:15,1441.0,24.02,2,1,N,1,2,4.82,39.0,144,142
2024-01-10 18:43:56,2024-01-10 19:07:58,1442.0,24.03,2,,,,,3.8,41.76,141,249
2024-07-26 18:14:58,2024-07-26 18:39:27,1469.0,24.48,2,1,N,1,2,10.59,60.99,138,233
2024-03-15 23:32:20,2024-03-15 23:40:03,463.0,7.72,2,1,N,1,2,1.38,18.0,162,164
2024-01-11 20:12:25,2024-01-11 20:25:54,809.0,13.48,2,1,N,1,6,1.77,23.04,158,231
2024-06-13 13:52:06,2024-06-13 13:56:01,235.0,3.92,2,1,N,2,1,0.36,9.8,143,142
2024-12-12 14:26:36,2024-12-12 15:42:21,4545.0,75.75,2,2,N,2,4,16.97,82.69,132,164
2024-01-14 02:23:23,2024-01-14 02:31:28,485.0,8.08,2,1,N,1,1,0.88,15.3,144,148
2024-05-15 20:20:52,2024-05-15 20:32:15,683.0,11.38,2,1,N,1,1,1.71,20.52,43,162
2024-03-06 18:34:02,2024-03-06 18:40:40,398.0,6.63,2,1,N,1,1,0.75,17.28,249,158
2024-10-18 19:50:32,2024-10-18 20:04:27,835.0,13.92,2,1,N,1,1,2.45,26.52,158,48
2024-05-27 06:35:35,2024-05-27 06:41:33,358.0,5.97,2,5,N,1,3,5.55,85.8,226,138
2024-01-12 17:34:39,2024-01-12 17:38:31,232.0,3.87,2,1,N,1,1,0.61,14.3,137,233
2024-04-04 13:40:07,2024-04-04 13:54:02,835.0,13.92,2,1,N,1,1,1.42,21.0,162,237
2024-04-29 09:42:20,2024-04-29 10:05:16,1376.0,22.93,2,1,N,1,2,14.27,75.26,138,238
2024-11-06 07:18:28,2024-11-06 07:26:24,476.0,7.93,2,1,N,1,1,1.95,17.64,236,161
2024-10-14 15:30:04,2024-10-14 15:39:19,555.0,9.25,1,1,N,1,1,0.9,16.8,211,249
2024-01-23 14:16:02,2024-01-23 14:28:29,747.0,12.45,1,1,N,1,2,0.6,18.45,237,237
2024-02-02 23:34:15,2024-02-02 23:54:04,1189.0,19.82,2,1,N,1,1,3.33,27.5,48,148
2024-11-28 19:26:33,2024-11-28 19:35:31,538.0,8.97,2,1,N,1,2,2.3,18.1,48,249
2024-02-06 09:04:47,2024-02-06 09:18:52,845.0,14.08,2,1,N,1,1,1.66,21.0,236,161
2024-11-17 17:54:27,2024-11-17 18:11:31,1024.0,17.07,2,1,N,1,1,2.19,25.2,141,230
2024-08-07 18:49:04,2024-08-07 19:01:49,765.0,12.75,2,1,N,1,1,1.94,24.0,164,114
2024-08-22 12:03:26,2024-08-22 12:26:02,1356.0,22.6,1,1,N,1,1,4.9,36.1,234,263
2024-09-29 04:34:48,2024-09-29 04:40:00,312.0,5.2,2,1,N,1,1,1.82,17.16,68,48
2024-02-24 13:25:06,2024-02-24 13:33:35,509.0,8.48,2,1,N,1,1,1.19,16.0,234,114
2024-05-15 17:41:58,2024-05-15 17:52:16,618.0,10.3,2,1,N,1,2,0.97,20.64,163,142
2024-10-22 21:16:28,2024-10-22 21:27:15,647.0,10.78,2,,,,,1.62,21.37,162,233
2024-09-12 20:29:01,2024-09-12 20:41:06,725.0,12.08,2,1,N,1,1,1.59,20.52,234,229
2024-12-11 16:16:42,2024-12-11 16:29:41,779.0,12.98,2,1,N,2,1,1.47,19.3,230,142
2024-12-20 16:28:44,2024-12-20 16:38:11,567.0,9.45,2,1,N,1,1,0.83,16.5,237,237
2024-05-01 14:39:10,2024-05-01 14:47:42,512.0,8.53,2,1,N,1,5,1.13,13.8,75,238
2024-11-06 23:28:56,2024-11-06 23:47:21,1105.0,18.42,2,1,N,1,2,5.65,36.48,79,40
2024-11-04 10:50:38,2024-11-04 10:53:56,198.0,3.3,2,1,N,1,1,1.07,12.6,263,75
2024-01-22 13:15:08,2024-01-22 13:40:10,1502.0,25.03,1,1,N,1,2,2.7,28.9,140,143
2024-01-05 07:51:57,2024-01-05 08:07:05,908.0,15.13,2,1,N,1,1,2.6,24.0,263,161
2024-09-15 13:35:51,2024-09-15 14:23:18,2847.0,47.45,2,1,N,1,1,16.33,76.25,132,256
2024-04-28 21:42:41,2024-04-28 22:02:10,1169.0,19.48,2,1,N,1,1,3.95,29.9,237,148
2024-08-02 21:47:44,2024-08-02 22:17:01,1757.0,29.28,2,1,N,2,1,10.28,62.29,138,142
2024-10-01 12:00:29,2024-10-01 12:16:24,955.0,15.92,2,1,N,1,1,5.4,33.2,75,246
2024-03-15 21:42:27,2024-03-15 22:01:10,1123.0,18.72,2,,,,,2.02,25.91,231,79
2024-06-05 18:24:18,2024-06-05 18:37:58,820.0,13.67,1,1,N,1,1,1.5,24.0,79,158
2024-10-02 16:00:30,2024-10-02 16:17:06,996.0,16.6,2,1,N,2,2,3.6,27.0,161,232
2024-06-05 20:40:13,2024-06-05 21:26:42,2789.0,46.48,2,1,N,2,1,27.11,105.25,132,33
2024-06-13 21:40:30,2024-06-13 22:00:35,1205.0,20.08,2,1,N,1,1,7.52,58.8,138,41
2024-01-23 22:41:52,2024-01-23 22:49:21,449.0,7.48,2,1,N,1,1,1.26,15.3,249,90
2024-03-30 21:00:02,2024-03-30 21:08:00,478.0,7.97,1,1,N,1,1,1.6,12.5,146,202
2024-12-30 12:43:25,2024-12-30 12:49:08,343.0,5.72,2,1,N,1,1,1.31,14.28,4,107
2024-06-12 17:57:00,2024-06-12 18:10:06,786.0,13.1,2,1,N,1,1,1.28,22.32,161,234
2024-09-18 21:53:13,2024-09-18 22:12:37,1164.0,19.4,2,1,N,1,1,7.08,43.2,237,231
2024-09-01 16:40:52,2024-09-01 16:46:50,358.0,5.97,2,1,N,1,1,0.81,13.44,48,68
2024-11-22 22:47:07,2024-11-22 23:13:18,1571.0,26.18,2,,,,,6.84,32.21,7,36
2024-04-16 14:43:55,2024-04-16 14:52:47,532.0,8.87,2,,,,,1.47,3.0,43,143
2024-06-03 20:06:35,2024-06-03 20:22:44,969.0,16.15,2,1,N,1,1,2.77,29.04,239,229
2024-10-19 19:57:52,2024-10-19 20:22:35,1483.0,24.72,2,1,N,1,1,1.69,31.44,186,100
2024-03-07 18:02:33,2024-03-07 18:18:34,961.0,16.02,1,1,N,1,1,2.7,26.5,141,238
2024-12-10 07:11:53,2024-12-10 07:16:34,281.0,4.68,2,1,N,1,1,1.07,11.2,137,162
2024-11-03 10:45:39,2024-11-03 10:58:03,744.0,12.4,2,1,N,1,1,3.17,23.52,263,107
2024-11-27 17:58:50,2024-11-27 18:11:25,755.0,12.58,1,1,N,1,1,1.2,20.65,90,164
2024-12-04 10:15:15,2024-12-04 10:34:28,1153.0,19.22,2,1,N,1,1,1.75,24.2,170,79
2024-06-01 09:58:35,2024-06-01 10:08:49,614.0,10.23,2,1,N,1,1,2.38,22.75,262,74
2024-05-23 11:20:37,2024-05-23 11:31:57,680.0,11.33,2,1,N,1,1,1.61,19.32,238,75
2024-06-27 15:58:36,2024-06-27 16:05:10,394.0,6.57,2,1,N,1,1,1.66,16.8,140,233
2024-05-10 22:11:46,2024-05-10 22:19:08,442.0,7.37,2,,,,,1.62,3.0,236,142
2024-06-20 13:43:29,2024-06-20 14:25:33,2524.0,42.07,2,1,N,1,2,8.27,57.96,161,25
2024-06-21 10:24:29,2024-06-21 10:48:57,1468.0,24.47,1,1,N,1,1,8.4,61.89,138,236
2024-09-24 12:18:44,2024-09-24 12:59:18,2434.0,40.57,1,1,N,1,1,2.7,44.52,143,186
2024-09-21 13:17:02,2024-09-21 13:29:21,739.0,12.32,2,1,N,1,2,2.14,21.88,144,246
2024-08-10 16:49:24,2024-08-10 16:59:24,600.0,10.0,2,1,N,1,1,1.05,16.8,48,186
2024-02-19 14:53:10,2024-02-19 15:02:16,546.0,9.1,2,1,N,1,2,2.04,19.32,43,236
2024-08-05 21:21:59,2024-08-05 21:38:52,1013.0,16.88,2,,,,,2.86,21.33,163,68
2024-05-20 19:45:22,2024-05-20 20:05:35,1213.0,20.22,2,1,N,1,2,9.48,61.73,70,229
2024-03-22 20:59:12,2024-03-22 21:10:57,705.0,11.75,2,1,N,1,2,1.41,19.1,170,230
2024-06-08 04:30:01,2024-06-08 04:42:14,733.0,12.22,1,1,N,2,4,3.0,20.6,230,238
2024-04-19 08:33:36,2024-04-19 08:40:27,411.0,6.85,2,1,N,4,1,1.2,,79,114
2024-03-09 22:17:49,2024-03-09 22:40:26,1357.0,22.62,2,1,N,1,6,3.31,32.75,161,4
2024-08-09 10:25:35,2024-08-09 10:31:47,372.0,6.2,2,1,N,1,2,0.96,14.28,161,164
2024-11-26 21:14:51,2024-11-26 21:36:36,1305.0,21.75,2,1,N,2,5,4.41,29.0,239,146
2024-09-04 11:28:19,2024-09-04 11:38:02,583.0,9.72,2,1,N,1,2,1.02,17.64,234,246
2024-02-19 12:03:20,2024-02-19 12:15:00,700.0,11.67,2,1,N,1,2,2.14,17.64,162,263
2024-05-10 16:43:05,2024-05-10 17:00:20,1035.0,17.25,2,1,N,2,2,2.03,22.8,230,249
2024-04-21 02:09:44,2024-04-21 02:26:04,980.0,16.33,2,1,N,1,1,3.98,26.8,230,226
2024-01-13 20:37:20,2024-01-13 20:47:04,584.0,9.73,2,1,N,1,6,1.17,18.0,113,249
2024-09-05 23:38:07,2024-09-06 00:04:14,1567.0,26.12,1,1,N,1,1,5.6,39.8,249,145
2024-06-06 07:04:13,2024-06-06 07:19:56,943.0,15.72,1,1,N,1,1,2.7,24.35,162,262
2024-09-04 13:10:37,2024-09-04 13:21:38,661.0,11.02,1,1,N,1,1,1.4,17.4,233,141
2024-06-15 15:54:47,2024-06-15 16:24:47,1800.0,30.0,1,1,N,1,,7.8,51.49,138,230
2024-04-22 13:27:08,2024-04-22 13:31:24,256.0,4.27,2,1,N,1,3,0.62,11.27,186,48
2024-04-26 14:15:36,2024-04-26 14:30:31,895.0,14.92,2,,,,,1.96,21.53,141,239
2024-04-22 07:53:46,2024-04-22 09:32:09,5903.0,98.38,1,,N,1,1,13.6,47.0,155,48
2024-07-31 11:01:31,2024-07-31 11:09:40,489.0,8.15,2,1,N,1,1,0.96,15.96,162,140
2024-02-28 18:01:00,2024-02-28 18:08:55,475.0,7.92,2,1,N,1,2,1.77,20.62,68,113
2024-12-03 18:15:37,2024-12-03 18:46:50,1873.0,31.22,2,1,N,2,1,5.94,40.3,13,170
2024-10-15 22:34:22,2024-10-15 22:38:30,248.0,4.13,2,1,N,1,1,0.27,12.96,170,170
2024-11-19 16:02:31,2024-11-19 16:48:41,2770.0,46.17,2,3,N,1,2,13.33,115.42,125,1
2024-10-14 18:38:12,2024-10-14 18:47:44,572.0,9.53,2,1,N,1,1,1.61,20.02,236,238
2024-05-11 22:16:41,2024-05-11 22:24:37,476.0,7.93,2,,,,,1.7,22.54,43,237
2024-06-16 16:04:58,2024-06-16 16:15:12,614.0,10.23,2,1,N,1,5,2.08,20.16,114,161
2024-05-26 10:47:46,2024-05-26 10:52:55,309.0,5.15,2,1,N,2,1,1.81,13.3,263,74
2024-12-28 10:03:36,2024-12-28 10:07:22,226.0,3.77,1,1,N,1,1,0.9,12.0,237,236
2024-04-07 20:53:42,2024-04-07 21:25:59,1937.0,32.28,1,2,N,1,1,16.7,99.19,132,164
2024-05-08 14:29:46,2024-05-08 14:47:32,1066.0,17.77,2,1,N,1,1,2.26,26.04,162,263
2024-12-09 06:51:48,2024-12-09 06:59:12,444.0,7.4,2,1,N,1,1,1.58,16.8,144,87
2024-08-09 14:57:38,2024-08-09 15:22:03,1465.0,24.42,2,1,N,1,1,4.27,34.44,144,143
2024-01-15 19:43:14,2024-01-15 19:48:42,328.0,5.47,2,1,N,1,1,0.88,13.44,236,141
2024-09-05 20:31:26,2024-09-05 20:56:02,1476.0,24.6,1,1,N,1,1,9.3,70.34,138,151
2024-04-25 20:03:51,2024-04-25 20:08:07,256.0,4.27,2,1,N,1,1,1.12,17.12,141,236
2024-09-01 22:02:45,2024-09-01 22:07:16,271.0,4.52,2,1,N,1,2,0.93,15.86,142,238
2024-05-10 02:31:22,2024-05-10 02:44:47,805.0,13.42,2,1,N,1,1,2.12,23.04,148,224
2024-05-19 15:52:19,2024-05-19 16:02:07,588.0,9.8,2,1,N,1,1,0.85,16.8,237,237
2024-06-26 18:26:45,2024-06-26 18:36:17,572.0,9.53,2,1,N,1,1,3.34,26.52,88,148
2024-10-26 20:00:47,2024-10-26 21:05:55,3908.0,65.13,2,2,N,1,1,17.94,98.88,132,230
2024-11-18 14:36:04,2024-11-18 14:40:55,291.0,4.85,2,1,N,1,2,2.46,14.65,132,10
2024-01-12 18:56:03,2024-01-12 19:07:49,706.0,11.77,1,1,N,2,1,1.2,16.5,162,50
2024-05-25 03:47:05,2024-05-25 03:50:16,191.0,3.18,2,1,N,1,1,0.7,13.5,170,48
2024-02-07 18:24:32,2024-02-07 18:28:18,226.0,3.77,2,1,N,1,1,0.26,11.71,142,142
2024-11-27 14:54:17,2024-11-27 16:27:22,5585.0,93.08,2,2,N,1,2,16.51,88.8,48,132
2024-06-06 09:06:48,2024-06-06 09:35:21,1713.0,28.55,2,,,,,3.78,17.35,102,198
2024-06-19 17:50:32,2024-06-19 17:58:21,469.0,7.82,2,1,N,1,1,1.27,18.96,239,238
2024-03-30 00:39:08,2024-03-30 00:54:14,906.0,15.1,2,1,N,1,1,6.1,33.8,48,244
2024-10-22 12:50:22,2024-10-22 13:04:55,873.0,14.55,2,1,N,2,2,0.69,16.8,161,237
2024-03-09 22:13:38,2024-03-09 22:26:28,770.0,12.83,2,1,N,1,1,1.81,22.2,163,43
2024-02-07 18:59:49,2024-02-07 19:22:34,1365.0,22.75,2,1,N,1,1,1.93,31.56,230,237
2024-01-05 17:41:52,2024-01-05 17:48:42,410.0,6.83,2,1,N,1,1,1.03,18.12,237,141
2024-11-23 14:18:56,2024-11-23 14:38:50,1194.0,19.9,2,1,N,1,1,3.43,29.4,43,246
2024-12-12 08:31:48,2024-12-12 08:43:00,672.0,11.2,2,,,,,1.16,4.89,107,234
2024-02-29 20:38:05,2024-02-29 20:52:23,858.0,14.3,2,1,N,1,1,2.04,23.04,234,229
2024-10-05 16:14:58,2024-10-05 16:23:07,489.0,8.15,2,1,N,2,2,0.21,12.6,186,68
2024-02-14 11:35:28,2024-02-14 11:45:03,575.0,9.58,2,1,N,1,1,1.39,19.11,236,237
2024-07-25 19:50:58,2024-07-25 20:00:21,563.0,9.38,1,1,N,1,1,0.5,18.1,163,229
2024-08-14 19:46:29,2024-08-14 19:55:20,531.0,8.85,2,1,N,1,2,0.95,18.96,163,161
2024-08-08 07:28:58,2024-08-08 07:36:41,463.0,7.72,2,1,N,1,1,0.79,15.12,100,161
2024-07-25 09:38:02,2024-07-25 09:43:19,317.0,5.28,1,,,,,0.5,11.27,236,75
2024-09-11 18:09:44,2024-09-11 18:41:43,1919.0,31.98,2,,,,,0.0,29.96,186,263
2024-02-17 08:42:53,2024-02-17 08:49:01,368.0,6.13,2,1,N,1,1,1.3,16.63,236,237
2024-06-19 23:58:03,2024-06-20 00:05:23,440.0,7.33,1,1,N,2,1,2.7,17.1,140,74
2024-09-18 21:56:02,2024-09-18 22:08:36,754.0,12.57,2,1,N,1,1,1.49,22.25,163,237
2024-06-22 09:15:49,2024-06-22 09:22:05,376.0,6.27,2,1,N,4,1,1.12,11.9,230,246
2024-10-29 12:45:01,2024-10-29 13:14:10,1749.0,29.15,2,1,N,2,1,10.91,57.5,79,138
2024-04-25 10:42:49,2024-04-25 11:07:33,1484.0,24.73,2,1,N,1,2,2.49,31.08,163,246
2024-10-15 18:41:18,2024-10-15 18:57:19,961.0,16.02,2,1,N,1,2,1.56,25.68,144,249
2024-11-09 13:25:26,2024-11-09 14:21:41,3375.0,56.25,2,1,N,1,6,21.16,105.78,132,255
2024-06-17 17:18:14,2024-06-17 17:33:31,917.0,15.28,2,1,N,1,1,2.5,25.42,186,231
2024-01-08 21:07:57,2024-01-08 21:26:38,1121.0,18.68,2,1,N,1,1,9.5,50.26,231,263
2024-10-07 23:57:31,2024-10-08 00:11:14,823.0,13.72,2,1,N,1,1,3.68,28.08,234,239
2024-09-09 00:09:20,2024-09-09 00:39:42,1822.0,30.37,1,2,N,1,1,19.7,94.14,132,244
2024-10-29 19:00:00,2024-10-29 19:07:55,475.0,7.92,2,1,N,1,2,1.62,18.5,246,249
2024-06-17 11:46:15,2024-06-17 12:37:54,3099.0,51.65,2,2,N,1,1,20.3,85.94,140,132
2024-04-05 17:15:00,2024-04-05 17:30:37,937.0,15.62,2,,,,,1.26,17.29,68,230
2024-06-24 03:11:42,2024-06-24 03:35:01,1399.0,23.32,2,2,N,1,1,17.25,98.88,132,107
2024-06-07 12:54:22,2024-06-07 13:11:26,1024.0,17.07,2,1,N,1,1,1.76,23.52,229,263
2024-11-10 22:41:59,2024-11-10 23:02:35,1236.0,20.6,2,1,N,1,1,8.7,53.95,138,229
2024-12-25 18:15:00,2024-12-25 18:28:01,781.0,13.02,2,1,N,1,2,0.76,20.93,50,48
2024-08-25 10:41:25,2024-08-25 10:48:23,418.0,6.97,2,1,N,2,2,0.62,11.9,164,170
2024-06-05 11:42:23,2024-06-05 12:03:08,1245.0,20.75,2,1,N,1,1,5.13,31.8,170,88
2024-12-29 01:25:26,2024-12-29 01:39:15,829.0,13.82,2,1,N,2,1,3.74,22.7,237,260
2024-05-01 20:51:50,2024-05-01 20:56:33,283.0,4.72,2,1,N,1,1,0.68,13.8,234,234
2024-02-14 15:03:28,2024-02-14 15:22:30,1142.0,19.03,2,1,N,1,1,3.14,25.5,262,164
2024-06-15 23:48:35,2024-06-15 23:52:42,247.0,4.12,2,1,N,1,1,0.77,12.5,263,236
2024-02-04 21:48:24,2024-02-04 22:11:17,1373.0,22.88,1,1,N,1,1,4.6,37.95,24,68
2024-04-13 19:47:14,2024-04-13 19:54:36,442.0,7.37,1,1,N,1,1,1.3,15.1,158,246
2024-05-25 16:12:45,2024-05-25 16:19:02,377.0,6.28,2,1,N,1,3,0.81,14.28,170,234
2024-01-06 17:13:21,2024-01-06 17:38:05,1484.0,24.73,2,1,N,1,1,2.65,31.08,230,125
2024-10-14 12:49:05,2024-10-14 12:57:37,512.0,8.53,1,1,N,1,1,1.4,16.8,140,236
2024-09-17 19:54:13,2024-09-17 20:12:10,1077.0,17.95,2,1,N,2,1,4.96,28.4,87,170
2024-06-05 15:16:24,2024-06-05 16:09:04,3160.0,52.67,2,1,N,1,1,6.76,49.7,164,42
2024-03-25 14:17:44,2024-03-25 14:29:47,723.0,12.05,2,1,N,1,3,1.83,19.32,90,246
2024-10-17 09:03:32,2024-10-17 09:13:53,621.0,10.35,2,1,N,1,1,1.79,19.32,236,239
2024-04-29 13:24:52,2024-04-29 13:45:03,1211.0,20.18,2,5,N,1,3,9.29,84.53,233,138
2024-02-27 12:54:40,2024-02-27 13:02:18,458.0,7.63,2,1,N,1,1,1.18,14.24,263,141
2024-09-01 08:44:39,2024-09-01 08:48:53,254.0,4.23,2,1,N,1,2,1.56,14.28,161,237
2024-08-03 17:07:10,2024-08-03 17:42:24,2114.0,35.23,2,1,N,1,2,3.97,39.3,211,163
2024-04-16 11:42:00,2024-04-16 12:04:00,1320.0,22.0,2,,,,,1.95,28.87,234,161
2024-05-23 20:35:47,2024-05-23 21:07:29,1902.0,31.7,1,1,N,1,1,4.4,42.35,170,13
2024-01-13 15:50:58,2024-01-13 16:12:42,1304.0,21.73,2,1,N,1,1,2.29,22.4,142,164
2024-06-25 12:16:08,2024-06-25 12:42:00,1552.0,25.87,2,1,N,1,6,1.57,30.24,164,237
2024-11-03 21:36:21,2024-11-03 22:01:40,1519.0,25.32,2,1,N,4,1,10.71,,237,182
2024-02-29 16:37:23,2024-02-29 16:42:08,285.0,4.75,2,1,N,1,1,0.63,15.34,237,43
2024-07-20 13:13:35,2024-07-20 13:51:09,2254.0,37.57,1,1,N,1,1,4.1,44.5,234,13
2024-09-13 11:04:19,2024-09-13 11:29:45,1526.0,25.43,2,1,N,1,1,3.42,29.3,125,161
2024-07-29 15:03:14,2024-07-29 15:16:36,802.0,13.37,1,1,N,2,,1.9,16.1,239,263
2024-02-27 18:27:00,2024-02-27 18:32:35,335.0,5.58,2,1,N,1,1,0.69,16.7,68,249
2024-06-26 14:48:22,2024-06-26 16:25:28,5826.0,97.1,2,2,N,1,1,16.79,98.88,132,100
2024-09-09 14:13:02,2024-09-09 14:21:07,485.0,8.08,2,1,N,1,1,1.04,15.96,186,249
2024-07-18 12:07:43,2024-07-18 12:31:14,1411.0,23.52,2,3,N,1,1,13.58,103.66,231,1
2024-10-30 18:35:25,2024-10-30 18:39:03,218.0,3.63,2,1,N,1,1,0.79,15.08,236,236
2024-12-28 09:51:32,2024-12-28 10:27:49,2177.0,36.28,2,1,N,1,2,15.94,76.87,132,37
2024-10-01 08:14:38,2024-10-01 08:30:44,966.0,16.1,1,1,N,2,1,1.2,17.5,239,236
2024-10-19 14:54:04,2024-10-19 14:57:01,177.0,2.95,2,1,N,1,1,0.58,11.83,237,162
2024-05-30 23:51:18,2024-05-31 00:09:54,1116.0,18.6,2,,,,,3.97,22.12,106,89
2024-09-20 12:20:42,2024-09-20 12:49:35,1733.0,28.88,2,1,N,1,1,1.6,30.3,68,170
2024-10-04 22:12:17,2024-10-04 22:18:55,398.0,6.63,2,1,N,1,3,0.66,15.48,161,163
2024-07-17 13:37:19,2024-07-17 13:43:30,371.0,6.18,2,1,N,1,1,1.06,14.28,211,158
2024-10-10 19:06:40,2024-10-10 19:11:11,271.0,4.52,1,1,N,1,1,1.1,16.4,239,238
2024-11-29 13:33:21,2024-11-29 13:53:53,1232.0,20.53,2,1,N,1,4,1.21,26.04,234,163
2024-04-28 22:25:33,2024-04-28 22:41:58,985.0,16.42,1,1,N,1,2,3.8,27.47,249,142
2024-09-27 16:18:43,2024-09-27 16:54:31,2148.0,35.8,2,1,N,4,1,9.73,,132,198
2024-06-08 00:26:10,2024-06-08 00:44:41,1111.0,18.52,2,,,,,3.15,34.53,162,7
2024-11-01 01:09:52,2024-11-01 01:43:29,2017.0,33.62,1,,,,,0.0,43.4,255,239
2024-01-28 11:44:39,2024-01-28 12:20:33,2154.0,35.9,2,2,N,1,4,17.82,94.94,230,132
2024-07-08 19:36:46,2024-07-08 19:52:20,934.0,15.57,2,1,N,1,1,9.15,63.96,138,116
2024-04-14 19:51:27,2024-04-14 20:01:29,602.0,10.03,1,1,N,1,3,1.2,17.2,230,186
2024-05-04 21:12:27,2024-05-04 21:23:59,692.0,11.53,2,1,N,1,1,1.07,17.4,107,90
2024-07-02 18:45:33,2024-07-02 18:46:08,35.0,0.58,1,1,N,2,1,0.0,7.0,145,145
2024-09-30 10:56:51,2024-09-30 11:14:31,1060.0,17.67,2,1,N,1,1,1.74,22.33,263,162
2024-10-09 21:57:11,2024-10-09 22:20:03,1372.0,22.87,2,1,N,1,1,4.38,35.64,231,141
2024-02-01 16:22:26,2024-02-01 16:52:00,1774.0,29.57,2,1,N,1,1,4.29,38.0,246,88
2024-11-21 08:42:27,2024-11-21 08:48:31,364.0,6.07,2,1,N,1,1,0.95,14.88,186,249
2024-04-03 16:30:58,2024-04-03 16:43:08,730.0,12.17,2,1,N,1,1,2.72,24.84,236,229
2024-02-25 13:30:18,2024-02-25 13:48:54,1116.0,18.6,2,1,N,1,1,3.76,30.24,234,239
2024-12-07 18:35:35,2024-12-07 18:48:47,792.0,13.2,2,1,N,1,2,1.55,17.64,234,249
2024-03-15 18:30:59,2024-03-15 18:39:28,509.0,8.48,1,1,N,1,2,1.1,18.1,246,50
2024-08-19 21:53:30,2024-08-19 22:13:45,1215.0,20.25,2,1,N,1,2,3.57,30.13,68,232
2024-08-19 14:35:36,2024-08-19 14:44:03,507.0,8.45,1,1,N,1,1,1.6,17.64,237,236
2024-02-03 11:22:41,2024-02-03 11:31:37,536.0,8.93,2,1,N,1,2,1.52,17.64,163,239
2024-12-12 14:39:06,2024-12-12 14:59:14,1208.0,20.13,2,1,N,1,1,0.79,25.2,162,237
2024-03-21 08:40:09,2024-03-21 08:49:43,574.0,9.57,1,1,N,1,1,1.3,16.8,140,236
2024-11-13 13:27:36,2024-11-13 13:48:53,1277.0,21.28,2,1,N,1,1,0.75,26.04,233,230
2024-07-28 22:46:13,2024-07-28 22:52:41,388.0,6.47,1,1,N,1,1,1.3,15.6,107,164
2024-05-20 12:24:00,2024-05-20 13:30:18,3978.0,66.3,2,2,N,4,2,16.1,,132,87
2024-08-02 21:16:41,2024-08-02 21:23:49,428.0,7.13,2,1,N,1,1,1.62,17.16,162,236
2024-12-28 02:02:01,2024-12-28 02:13:25,684.0,11.4,2,1,N,2,1,3.17,20.6,79,229
2024-05-14 11:11:55,2024-05-14 11:27:57,962.0,16.03,2,1,N,1,1,1.68,19.9,237,186
2024-08-09 19:21:06,2024-08-09 19:30:39,573.0,9.55,2,1,N,1,1,0.89,19.8,164,186
2024-07-30 16:53:52,2024-07-30 17:33:18,2366.0,39.43,2,1,N,1,1,3.65,48.36,90,237
2024-08-09 07:53:21,2024-08-09 08:05:33,732.0,12.2,2,1,N,1,1,1.62,20.16,68,161
2024-02-14 15:02:00,2024-02-14 15:19:52,1072.0,17.87,2,1,N,4,1,2.66,,142,41
2024-04-05 20:09:03,2024-04-05 20:19:11,608.0,10.13,2,1,N,1,2,1.37,18.84,230,233
2024-04-29 18:24:19,2024-04-29 18:28:21,242.0,4.03,2,1,N,1,1,0.91,15.6,234,114
2024-06-10 18:57:39,2024-06-10 19:14:00,981.0,16.35,2,1,N,1,1,6.7,43.32,88,140
2024-12-02 20:47:22,2024-12-02 21:05:31,1089.0,18.15,2,1,N,1,1,9.55,59.35,138,79
2024-02-18 11:33:14,2024-02-18 11:42:53,579.0,9.65,2,1,N,2,1,1.38,14.7,233,186
2024-08-10 21:04:01,2024-08-10 21:10:39,398.0,6.63,2,1,N,4,1,0.73,12.9,231,144
2024-07-30 14:36:14,2024-07-30 14:59:29,1395.0,23.25,1,1,N,1,1,2.3,27.7,237,75
2024-06-18 22:46:39,2024-06-18 22:55:03,504.0,8.4,2,1,N,1,1,1.09,18.75,234,107
2024-03-28 12:10:12,2024-03-28 12:37:09,1617.0,26.95,2,,,,,1.42,17.3,163,162
2024-03-11 00:49:34,2024-03-11 01:10:55,1281.0,21.35,2,1,N,4,1,9.98,53.44,236,196
2024-10-23 23:27:31,2024-10-24 00:08:21,2450.0,40.83,2,1,N,2,1,13.33,60.45,132,112
2024-09-17 07:17:30,2024-09-17 07:20:55,205.0,3.42,2,1,N,1,1,0.5,10.92,170,100
2024-08-10 19:24:36,2024-08-10 19:42:07,1051.0,17.52,2,1,N,1,1,2.28,25.2,161,224
2024-02-12 15:32:17,2024-02-12 15:36:44,267.0,4.45,2,1,N,1,2,0.52,11.76,262,263
2024-08-15 12:52:31,2024-08-15 12:58:23,352.0,5.87,2,1,N,1,1,0.48,14.56,163,237
2024-11-22 15:36:41,2024-11-22 16:22:13,2732.0,45.53,2,1,N,2,4,12.5,75.99,138,164
2024-08-17 19:04:55,2024-08-17 19:56:46,3111.0,51.85,2,2,N,1,6,21.48,95.94,239,132
2024-04-03 19:07:52,2024-04-03 19:28:20,1228.0,20.47,2,1,N,1,1,2.74,27.3,162,239
2024-03-14 08:12:38,2024-03-14 08:27:46,908.0,15.13,1,1,N,1,1,2.0,23.5,142,141
2024-09-04 23:30:56,2024-09-04 23:49:36,1120.0,18.67,2,5,N,2,1,9.56,14.89,33,221
2024-05-11 07:03:55,2024-05-11 07:23:39,1184.0,19.73,1,,,,,4.1,22.87,262,68
2024-07-27 18:23:23,2024-07-27 18:36:09,766.0,12.77,1,1,N,1,1,1.5,19.25,79,164
2024-06-27 07:54:46,2024-06-27 07:57:17,151.0,2.52,2,1,N,1,1,0.51,10.1,163,50
2024-05-03 17:48:43,2024-05-03 18:19:25,1842.0,30.7,2,1,N,2,1,2.69,27.7,161,158
2024-03-14 20:28:33,2024-03-14 20:39:42,669.0,11.15,2,,,,,2.07,21.14,113,170
2024-11-01 21:55:52,2024-11-01 22:08:13,741.0,12.35,2,1,N,1,4,1.31,20.52,114,158
2024-03-16 09:06:41,2024-03-16 09:23:00,979.0,16.32,2,1,N,1,1,6.32,37.8,261,229
2024-05-08 21:37:56,2024-05-08 21:48:24,628.0,10.47,2,1,N,1,1,1.59,19.68,114,232
2024-06-14 07:33:56,2024-06-14 07:38:43,287.0,4.78,1,1,N,1,1,1.1,12.32,237,236
2024-12-27 21:04:43,2024-12-27 21:15:11,628.0,10.47,2,1,N,1,2,2.85,23.04,239,152
2024-09-29 08:59:51,2024-09-29 09:04:15,264.0,4.4,2,1,N,1,1,0.98,13.65,186,107
2024-10-24 08:38:53,2024-10-24 08:46:27,454.0,7.57,2,,,,,1.1,15.99,233,161
2024-04-19 21:19:25,2024-04-19 21:25:05,340.0,5.67,1,1,N,1,1,0.6,14.64,100,161
2024-11-21 17:21:44,2024-11-21 17:51:19,1775.0,29.58,2,1,N,1,1,5.07,44.16,90,261
2024-12-18 21:48:38,2024-12-18 22:07:39,1141.0,19.02,2,1,N,1,1,2.97,27.1,100,236
2024-10-13 00:58:21,2024-10-13 01:02:35,254.0,4.23,2,1,N,1,1,0.55,13.8,4,79
2024-12-30 20:04:34,2024-12-30 21:14:15,4181.0,69.68,1,2,N,2,1,17.1,80.94,132,230
2024-06-14 21:14:40,2024-06-14 21:22:38,478.0,7.97,2,1,N,2,1,1.27,14.3,249,186
2024-11-29 13:37:44,2024-11-29 13:39:22,98.0,1.63,2,1,N,4,1,0.16,,236,236
2024-10-15 08:44:46,2024-10-15 09:05:02,1216.0,20.27,2,1,N,1,1,5.41,31.5,65,145
2024-09-21 03:07:46,2024-09-21 03:25:15,1049.0,17.48,2,1,N,1,1,4.58,29.59,148,262
2024-07-09 14:19:10,2024-07-09 14:34:58,948.0,15.8,2,1,N,1,2,2.84,26.04,236,151
2024-09-02 21:39:04,2024-09-02 21:44:22,318.0,5.3,1,1,N,1,1,0.6,12.95,262,140
2024-10-22 07:50:21,2024-10-22 08:03:09,768.0,12.8,2,,,,,1.74,17.34,79,231
2024-05-09 14:23:56,2024-05-09 15:26:15,3739.0,62.32,2,3,N,1,1,20.89,149.86,162,1
2024-04-04 18:08:00,2024-04-04 18:31:00,1380.0,23.0,2,,,,,1.43,22.93,233,163
2024-04-10 15:12:53,2024-04-10 15:28:41,948.0,15.8,2,1,N,1,1,2.88,26.04,107,140
2024-11-07 15:06:05,2024-11-07 15:25:56,1191.0,19.85,1,1,N,1,1,0.7,24.5,162,161
2024-12-02 10:46:44,2024-12-02 11:15:12,1708.0,28.47,1,1,N,1,1,3.5,35.3,239,90
2024-08-17 13:45:39,2024-08-17 14:14:19,1720.0,28.67,2,1,N,1,1,3.03,33.1,238,162
2024-04-15 14:36:23,2024-04-15 14:52:20,957.0,15.95,2,,,,,4.47,29.85,219,216
2024-03-27 18:03:34,2024-03-27 18:20:09,995.0,16.58,2,1,N,1,1,2.76,29.04,231,234
2024-02-26 09:32:22,2024-02-26 09:37:15,293.0,4.88,2,1,N,1,1,0.56,12.0,237,163
2024-04-13 17:15:43,2024-04-13 17:29:14,811.0,13.52,2,1,N,1,1,2.4,22.68,229,236
2024-10-11 07:37:46,2024-10-11 07:42:21,275.0,4.58,2,1,N,1,3,0.92,13.44,236,237
2024-10-10 14:23:41,2024-10-10 14:58:58,2117.0,35.28,1,1,N,1,1,8.9,63.49,138,263
2024-03-06 09:16:03,2024-03-06 09:56:31,2428.0,40.47,2,1,N,1,1,8.23,59.89,138,43
2024-12-21 03:03:26,2024-12-21 03:18:59,933.0,15.55,2,1,N,1,1,2.68,25.56,107,13
2024-04-03 20:02:31,2024-04-03 20:16:57,866.0,14.43,2,,,,,1.89,34.28,87,79
2024-05-13 16:57:15,2024-05-13 17:18:47,1292.0,21.53,2,1,N,1,1,7.65,51.43,138,255
2024-11-19 05:49:41,2024-11-19 06:01:56,735.0,12.25,2,1,N,1,1,3.86,27.24,186,75
2024-12-23 19:26:23,2024-12-23 19:35:20,537.0,8.95,2,1,N,2,1,0.9,15.8,239,143
2024-03-30 11:42:51,2024-03-30 11:49:13,382.0,6.37,2,1,N,1,1,0.87,14.28,113,234
2024-11-19 19:07:13,2024-11-19 19:29:21,1328.0,22.13,1,1,N,2,2,2.1,24.2,163,68
2024-12-08 01:53:21,2024-12-08 02:07:14,833.0,13.88,1,1,N,1,1,2.3,22.2,158,261
2024-05-03 23:12:10,2024-05-03 23:25:13,783.0,13.05,2,1,N,1,2,1.83,22.2,79,234
2024-04-10 15:51:28,2024-04-10 16:03:24,716.0,11.93,1,1,N,1,1,1.9,20.0,246,143
2024-12-02 15:39:37,2024-12-02 15:47:50,493.0,8.22,2,1,N,1,3,1.33,15.96,125,158
2024-07-27 21:31:00,2024-07-27 21:40:03,543.0,9.05,2,1,N,1,3,1.31,15.0,170,237
2024-12-16 21:40:36,2024-12-16 22:05:35,1499.0,24.98,1,1,N,1,1,3.8,32.75,163,144
2024-08-03 20:48:45,2024-08-03 20:56:04,439.0,7.32,2,1,N,1,1,1.02,17.0,90,186
2024-10-13 17:11:47,2024-10-13 17:34:20,1353.0,22.55,2,1,N,1,1,5.39,39.48,161,88
2024-02-05 18:56:48,2024-02-05 19:13:33,1005.0,16.75,2,1,N,1,1,4.59,34.92,231,163
2024-01-16 10:55:19,2024-01-16 11:11:32,973.0,16.22,2,1,N,2,1,3.1,22.4,140,74
2024-01-26 06:41:18,2024-01-26 06:49:55,517.0,8.62,2,,,,,1.86,16.82,113,170
2024-11-21 10:17:39,2024-11-21 10:40:06,1347.0,22.45,2,1,N,1,1,1.72,29.0,158,50
2024-06-21 16:29:24,2024-06-21 16:35:25,361.0,6.02,2,1,N,1,1,0.95,16.56,107,113
2024-11-22 08:39:15,2024-11-22 08:44:25,310.0,5.17,2,,,,,0.74,17.42,146,193
2024-03-05 07:37:50,2024-03-05 07:44:40,410.0,6.83,2,1,N,1,1,1.8,18.37,140,162
2024-05-02 21:32:20,2024-05-02 22:02:53,1833.0,30.55,2,1,N,1,2,10.44,67.49,90,95
2024-02-19 00:02:07,2024-02-19 00:14:29,742.0,12.37,2,1,N,1,1,2.44,24.96,68,79
2024-05-22 21:07:10,2024-05-22 21:37:23,1813.0,30.22,2,2,N,1,1,17.52,95.09,132,170
2024-04-10 23:20:13,2024-04-10 23:37:39,1046.0,17.43,2,1,N,1,1,3.25,27.1,113,232
2024-07-02 13:06:36,2024-07-02 13:20:42,846.0,14.1,2,1,N,1,2,1.52,20.5,164,229
2024-08-10 21:46:57,2024-08-10 22:34:06,2829.0,47.15,2,1,N,1,2,6.18,56.64,114,188
2024-03-20 21:33:41,2024-03-20 21:43:22,581.0,9.68,1,1,N,1,,2.4,19.8,161,75
2024-12-26 20:20:27,2024-12-26 20:34:56,869.0,14.48,2,,,,,1.59,18.89,161,137
2024-04-13 12:01:11,2024-04-13 12:23:33,1342.0,22.37,2,1,N,2,2,3.87,25.9,41,161
2024-12-17 13:04:18,2024-12-17 13:11:16,418.0,6.97,2,,,,,2.34,15.68,145,226
2024-02-05 16:40:47,2024-02-05 16:53:43,776.0,12.93,2,1,N,1,1,2.07,24.84,161,237
2024-04-25 18:00:59,2024-04-25 18:09:04,485.0,8.08,1,1,N,1,1,1.2,18.1,231,158
2024-12-09 21:07:37,2024-12-09 21:22:09,872.0,14.53,1,1,N,1,1,2.6,22.08,107,87
2024-12-11 16:24:23,2024-12-11 16:37:38,795.0,13.25,2,1,N,2,1,0.88,18.6,140,229
2024-10-29 17:12:12,2024-10-29 17:42:34,1822.0,30.37,1,1,N,1,1,3.5,39.96,249,43
2024-02-28 07:55:48,2024-02-28 07:59:11,203.0,3.38,2,1,N,1,1,0.52,10.92,90,234
2024-05-26 12:16:24,2024-05-26 12:28:01,697.0,11.62,1,1,N,2,1,1.8,16.8,142,170
2024-03-15 23:39:00,2024-03-16 00:01:48,1368.0,22.8,1,,,,,0.0,16.05,141,233
2024-06-24 20:32:30,2024-06-24 20:46:04,814.0,13.57,2,1,N,1,1,2.43,22.6,151,262
2024-06-07 18:35:50,2024-06-07 18:47:57,727.0,12.12,1,1,N,1,1,1.8,24.0,238,142
2024-05-30 16:17:28,2024-05-30 16:25:06,458.0,7.63,2,1,N,1,1,1.38,18.96,100,234
2024-10-18 09:22:51,2024-10-18 09:36:48,837.0,13.95,2,1,N,1,3,1.73,21.84,170,163
2024-02-15 11:03:53,2024-02-15 11:24:51,1258.0,20.97,2,1,N,2,2,1.09,21.7,100,164
2024-05-06 19:26:33,2024-05-06 19:30:42,249.0,4.15,2,1,N,1,1,0.51,14.14,262,236
2024-09-30 16:21:53,2024-09-30 16:31:53,600.0,10.0,2,1,N,1,2,0.69,21.96,144,211
2024-02-02 12:07:11,2024-02-02 12:26:17,1146.0,19.1,1,1,N,2,2,2.3,21.7,140,239
2024-05-13 13:43:38,2024-05-13 13:51:07,449.0,7.48,2,1,N,1,1,0.8,14.0,237,161
2024-03-16 13:57:44,2024-03-16 14:06:00,496.0,8.27,2,1,N,1,3,2.04,16.5,263,74
2024-07-09 15:52:34,2024-07-09 16:13:27,1253.0,20.88,2,1,N,1,2,5.2,39.13,107,263
2024-12-04 17:57:34,2024-12-04 18:18:58,1284.0,21.4,2,1,N,1,1,2.79,32.88,158,45
2024-02-21 15:12:53,2024-02-21 15:29:29,996.0,16.6,2,1,N,2,1,1.63,18.9,141,236
2024-04-06 01:02:13,2024-04-06 01:16:42,869.0,14.48,1,,,,,3.0,21.66,237,249
2024-09-07 00:36:40,2024-09-07 00:51:09,869.0,14.48,1,1,N,1,,3.4,28.05,140,74
2024-02-12 17:03:11,2024-02-12 17:50:35,2844.0,47.4,2,2,N,1,3,17.06,104.88,132,100
2024-08-10 20:53:26,2024-08-10 21:21:02,1656.0,27.6,2,1,N,4,1,1.55,,246,230
2024-10-06 20:51:25,2024-10-06 21:05:01,816.0,13.6,2,1,N,1,1,2.04,23.04,113,164
2024-09-19 12:07:14,2024-09-19 12:17:02,588.0,9.8,2,1,N,2,1,0.61,8.7,75,75
2024-09-19 21:26:15,2024-09-19 21:39:01,766.0,12.77,1,1,N,1,1,1.9,18.8,163,137
2024-03-28 14:56:17,2024-03-28 15:06:38,621.0,10.35,2,1,N,1,1,1.28,18.48,164,79
2024-05-08 17:12:23,2024-05-08 17:15:16,173.0,2.88,2,1,N,1,1,0.51,13.92,239,239
2024-07-21 04:28:06,2024-07-21 04:43:38,932.0,15.53,1,,,,,4.8,28.48,112,87
2024-08-24 13:52:36,2024-08-24 14:18:36,1560.0,26.0,2,1,N,1,1,8.82,88.24,57,137
2024-08-13 22:34:44,2024-08-13 23:02:33,1669.0,27.82,2,1,N,1,1,5.13,38.9,148,188
2024-01-11 16:13:29,2024-01-11 16:31:59,1110.0,18.5,2,1,N,2,2,1.42,22.8,162,140
2024-08-14 10:48:36,2024-08-14 10:53:40,304.0,5.07,2,1,N,1,1,0.57,12.6,162,229
2024-11-04 13:58:50,2024-11-04 15:03:00,3850.0,64.17,2,2,N,1,2,18.26,98.88,132,48
2024-07-24 22:19:32,2024-07-24 22:32:23,771.0,12.85,2,1,N,4,1,4.44,,238,244
2024-03-20 23:34:19,2024-03-21 00:19:31,2712.0,45.2,2,2,N,1,1,21.21,102.92,132,142
2024-09-29 09:08:48,2024-09-29 09:15:08,380.0,6.33,1,,,,,0.8,13.97,249,158
2024-12-30 14:49:16,2024-12-30 15:00:59,703.0,11.72,1,1,N,1,1,1.7,19.3,237,239
2024-01-28 16:07:47,2024-01-28 16:37:30,1783.0,29.72,2,1,N,1,3,3.45,35.28,211,161
2024-05-01 13:10:27,2024-05-01 13:39:51,1764.0,29.4,2,1,N,1,1,3.49,36.12,237,246
2024-08-21 21:18:05,2024-08-21 21:21:30,205.0,3.42,2,1,N,1,1,0.79,10.8,141,229
2024-06-27 05:52:17,2024-06-27 06:04:09,712.0,11.87,2,1,N,1,1,3.38,26.63,141,186
2024-04-06 20:50:19,2024-04-06 21:06:32,973.0,16.22,2,,,,,3.86,23.22,229,232
2024-04-04 18:51:50,2024-04-04 18:55:30,220.0,3.67,1,1,N,2,2,0.3,11.6,237,237
2024-02-18 10:22:19,2024-02-18 10:44:58,1359.0,22.65,2,5,N,1,2,13.5,94.0,226,132
2024-08-10 02:31:05,2024-08-10 02:36:00,295.0,4.92,1,1,N,1,1,0.9,14.2,114,113
2024-10-20 18:59:15,2024-10-20 19:46:11,2816.0,46.93,2,2,N,1,1,16.95,99.23,132,164
2024-05-01 14:20:50,2024-05-01 14:45:13,1463.0,24.38,2,1,N,1,3,2.94,29.01,75,142
2024-02-27 15:54:05,2024-02-27 16:24:15,1810.0,30.17,2,1,N,2,1,8.92,44.05,132,177
2024-09-12 22:02:38,2024-09-12 22:09:17,399.0,6.65,2,1,N,1,1,1.33,18.59,236,43
2024-02-18 19:46:02,2024-02-18 19:51:19,317.0,5.28,2,1,N,1,1,0.77,13.44,113,144
2024-07-11 18:32:11,2024-07-11 18:53:52,1301.0,21.68,2,1,N,1,1,2.88,33.24,236,164
2024-05-15 13:07:47,2024-05-15 13:11:00,193.0,3.22,2,1,N,1,1,0.67,8.76,24,166
2024-11-28 15:14:34,2024-11-28 15:28:39,845.0,14.08,2,1,N,1,4,2.27,22.4,90,229
2024-01-05 22:34:25,2024-01-05 22:44:11,586.0,9.77,1,1,N,1,1,1.2,17.58,237,140
2024-08-24 11:26:32,2024-08-24 11:39:49,797.0,13.28,2,1,N,1,1,1.89,20.02,164,229
2024-03-21 19:49:49,2024-03-21 20:07:48,1079.0,17.98,2,,,,,2.01,19.74,186,162
2024-09-15 02:23:38,2024-09-15 02:41:37,1079.0,17.98,2,1,N,1,1,4.22,32.28,158,25
2024-01-04 10:08:13,2024-01-04 10:35:54,1661.0,27.68,2,1,N,1,1,3.24,31.7,234,236
2024-11-27 19:34:38,2024-11-27 19:41:53,435.0,7.25,2,1,N,1,2,1.26,18.12,249,79
2024-01-19 19:44:20,2024-01-19 20:02:05,1065.0,17.75,2,1,N,2,1,3.37,25.6,263,48
2024-12-21 19:41:46,2024-12-21 20:10:04,1698.0,28.3,2,1,N,1,6,3.89,35.1,246,231
2024-05-21 22:38:31,2024-05-21 22:57:53,1162.0,19.37,2,1,N,1,1,10.57,71.39,138,162
2024-12-07 18:57:15,2024-12-07 19:02:45,330.0,5.5,2,1,N,1,1,1.85,14.8,143,24
2024-12-03 17:59:25,2024-12-03 18:17:27,1082.0,18.03,1,1,N,1,1,0.7,26.75,163,229
2024-03-01 18:00:22,2024-03-01 18:13:00,758.0,12.63,1,1,N,1,1,1.9,23.15,90,125
2024-12-05 12:07:49,2024-12-05 12:22:52,903.0,15.05,1,1,N,1,1,1.2,21.8,43,237
2024-04-06 13:50:35,2024-04-06 14:11:05,1230.0,20.5,1,1,N,1,3,1.0,24.7,233,161
2024-02-05 14:04:27,2024-02-05 14:15:42,675.0,11.25,2,1,N,1,2,1.37,19.32,239,236
2024-08-28 21:14:27,2024-08-28 21:24:31,604.0,10.07,2,1,N,1,1,1.3,18.84,90,114
2024-11-17 19:04:59,2024-11-17 19:10:47,348.0,5.8,2,,,,,0.76,11.79,237,140
2024-10-21 17:16:38,2024-10-21 17:34:30,1072.0,17.87,2,1,N,1,1,1.09,26.52,229,161
2024-01-31 09:54:00,2024-01-31 10:01:46,466.0,7.77,2,1,N,1,1,1.0,15.3,142,230
2024-11-01 23:43:10,2024-11-02 00:01:57,1127.0,18.78,2,1,N,1,1,3.7,30.6,113,141
2024-07-29 16:21:32,2024-07-29 16:26:38,306.0,5.1,2,1,N,1,1,0.78,16.44,137,164
2024-12-24 18:19:15,2024-12-24 18:37:17,1082.0,18.03,1,1,N,2,4,2.0,24.2,100,230
2024-04-04 15:05:29,2024-04-04 15:14:16,527.0,8.78,2,1,N,1,2,0.67,14.8,236,237
2024-03-18 11:39:44,2024-03-18 11:46:35,411.0,6.85,2,1,N,1,1,0.82,14.28,140,229
2024-05-21 17:07:55,2024-05-21 17:11:32,217.0,3.62,2,1,N,1,1,0.54,13.3,263,75
2024-07-27 01:02:14,2024-07-27 01:17:36,922.0,15.37,1,1,N,1,1,2.0,22.2,158,107
2024-08-10 19:47:48,2024-08-10 19:54:35,407.0,6.78,2,1,N,1,1,1.12,14.1,231,114
2024-01-02 16:42:03,2024-01-02 16:51:44,581.0,9.68,1,1,N,2,2,0.8,15.1,230,48
2024-01-07 14:22:56,2024-01-07 14:29:22,386.0,6.43,2,1,N,1,1,1.49,14.1,236,41
2024-06-24 06:26:53,2024-06-24 06:30:23,210.0,3.5,1,1,N,1,1,1.2,13.44,262,140
2024-03-24 22:06:43,2024-03-24 22:09:55,192.0,3.2,2,1,N,1,1,0.64,12.96,90,249
2024-04-14 13:22:58,2024-04-14 13:29:50,412.0,6.87,2,1,N,1,1,1.05,15.12,125,13
2024-11-05 12:22:15,2024-11-05 12:28:50,395.0,6.58,1,,,,,1.0,14.28,239,236
2024-12-11 06:50:40,2024-12-11 07:08:22,1062.0,17.7,1,,,,,2.9,22.84,146,161
2024-11-24 13:08:50,2024-11-24 13:17:40,530.0,8.83,2,,,,,1.35,14.69,141,263
2024-04-27 09:58:36,2024-04-27 10:13:01,865.0,14.42,2,1,N,1,1,2.99,26.04,161,211
2024-05-23 13:55:25,2024-05-23 14:19:41,1456.0,24.27,2,1,N,1,1,3.02,32.76,24,161
2024-10-20 20:23:03,2024-10-20 20:30:31,448.0,7.47,2,1,N,1,1,1.92,18.84,249,186
2024-07-16 20:24:06,2024-07-16 20:36:43,757.0,12.62,2,1,N,1,1,1.69,21.36,162,234
2024-04-24 17:51:43,2024-04-24 18:19:24,1661.0,27.68,2,1,N,1,1,1.33,34.92,237,164
2024-03-06 19:33:07,2024-03-06 19:42:27,560.0,9.33,2,1,N,1,1,1.65,18.2,186,161
2024-10-18 08:10:22,2024-10-18 08:27:54,1052.0,17.53,2,1,N,2,1,1.7,20.3,237,100
2024-02-15 09:51:52,2024-02-15 10:01:40,588.0,9.8,2,1,N,1,1,1.51,18.37,234,230
2024-09-28 00:56:59,2024-09-28 01:05:03,484.0,8.07,2,1,N,1,1,1.77,19.62,48,90
2024-01-04 20:21:30,2024-01-04 20:32:17,647.0,10.78,1,1,N,2,,1.7,17.8,238,163
2024-07-01 13:35:54,2024-07-01 13:59:19,1405.0,23.42,2,1,N,1,1,6.48,40.0,48,87
2024-09-14 00:23:31,2024-09-14 00:40:45,1034.0,17.23,2,,,,,4.64,2.38,48,74
2024-05-25 16:06:37,2024-05-25 16:23:54,1037.0,17.28,2,1,N,2,1,2.0,20.3,246,161
2024-06-11 21:56:53,2024-06-11 22:03:48,415.0,6.92,1,1,N,2,1,1.0,12.9,114,107
2024-03-04 06:55:43,2024-03-04 07:16:39,1256.0,20.93,2,1,N,1,1,4.34,31.3,141,100
2024-11-10 01:22:02,2024-11-10 01:29:11,429.0,7.15,2,1,N,1,1,1.11,16.32,79,90
2024-04-20 00:00:33,2024-04-20 00:13:08,755.0,12.58,2,1,N,1,1,1.35,20.52,79,231
2024-01-12 11:50:11,2024-01-12 12:07:21,1030.0,17.17,2,1,N,2,1,3.11,23.1,163,246
2024-03-06 23:21:36,2024-03-06 23:35:56,860.0,14.33,1,,,,,0.0,22.43,68,238
2024-04-16 09:39:06,2024-04-16 09:44:10,304.0,5.07,2,1,N,2,1,0.85,11.2,90,249
2024-06-03 13:07:59,2024-06-03 13:18:30,631.0,10.52,2,1,N,2,1,3.11,20.3,48,151
2024-10-08 21:40:03,2024-10-08 21:44:34,271.0,4.52,1,1,N,1,1,0.9,13.2,13,231
2024-03-27 15:27:05,2024-03-27 16:01:23,2058.0,34.3,2,1,N,1,1,3.63,38.3,141,234
2024-08-21 20:33:26,2024-08-21 20:41:34,488.0,8.13,2,1,N,1,1,1.37,18.0,107,79
2024-06-19 22:44:47,2024-06-19 22:54:30,583.0,9.72,2,1,N,1,1,1.69,19.68,148,107
2024-09-01 11:32:04,2024-09-01 11:49:58,1074.0,17.9,2,1,N,1,1,8.36,62.28,138,41
2024-09-28 16:30:33,2024-09-28 16:46:07,934.0,15.57,2,,,,,1.81,20.13,107,249
2024-08-17 22:59:15,2024-08-17 23:15:49,994.0,16.57,2,,,,,3.5,21.59,130,197
2024-12-21 23:53:24,2024-12-22 00:11:26,1082.0,18.03,1,1,N,1,1,9.0,47.6,237,13
2024-04-02 06:49:04,2024-04-02 07:32:37,2613.0,43.55,1,,N,1,1,4.6,28.0,42,162
2024-11-03 16:46:29,2024-11-03 16:52:13,344.0,5.73,2,1,N,1,1,0.78,14.28,246,246
2024-10-25 15:21:15,2024-10-25 15:51:04,1789.0,29.82,2,,,,,4.56,28.25,186,45
2024-05-06 17:54:46,2024-05-06 18:05:39,653.0,10.88,2,1,N,1,1,1.32,20.64,186,170
2024-02-25 12:35:31,2024-02-25 12:44:14,523.0,8.72,2,1,N,1,1,1.48,15.7,161,107
2024-06-23 12:06:51,2024-06-23 12:18:56,725.0,12.08,2,1,N,1,1,1.97,18.48,164,211
2024-07-01 17:55:15,2024-07-01 17:59:37,262.0,4.37,2,1,N,1,1,0.38,13.5,211,125
2024-05-04 12:39:53,2024-05-04 13:11:22,1889.0,31.48,2,1,N,1,1,3.36,40.25,170,231
2024-11-02 12:14:27,2024-11-02 12:44:42,1815.0,30.25,2,1,N,1,1,4.3,39.48,231,48
2024-04-18 13:20:45,2024-04-18 14:34:39,4434.0,73.9,2,2,N,1,2,17.25,85.75,132,79
2024-06-24 16:16:12,2024-06-24 16:29:28,796.0,13.27,2,1,N,1,1,1.91,24.84,79,87
2024-10-10 19:18:45,2024-10-10 19:37:09,1104.0,18.4,1,1,N,1,1,1.7,24.5,230,137
2024-04-20 11:47:14,2024-04-20 11:55:50,516.0,8.6,2,1,N,1,3,1.47,16.8,230,236
2024-04-08 14:27:17,2024-04-08 14:29:56,159.0,2.65,2,1,N,1,1,0.47,10.46,186,90
2024-08-25 13:16:41,2024-08-25 13:21:17,276.0,4.6,2,1,N,1,3,1.09,13.2,161,237
2024-12-16 00:39:07,2024-12-16 00:52:55,828.0,13.8,2,,,,,3.24,3.44,210,91
2024-09-17 15:55:45,2024-09-17 16:03:04,439.0,7.32,2,1,N,2,1,1.4,13.3,229,137
2024-02-05 09:12:48,2024-02-05 09:32:08,1160.0,19.33,2,1,N,1,1,3.49,24.8,141,42
2024-12-15 18:11:38,2024-12-15 18:34:30,1372.0,22.87,1,1,N,3,2,3.0,25.2,238,237
2024-10-15 19:04:04,2024-10-15 19:20:28,984.0,16.4,2,1,N,1,1,2.11,24.8,161,236
2024-05-03 23:42:12,2024-05-03 23:47:53,341.0,5.68,1,1,N,1,1,0.5,14.6,230,48
2024-02-04 02:09:49,2024-02-04 02:20:38,649.0,10.82,2,1,N,1,2,1.9,21.36,148,234
2024-07-16 10:05:59,2024-07-16 10:15:19,560.0,9.33,2,1,N,2,1,1.6,14.7,75,140
2024-11-18 18:55:12,2024-11-18 19:40:19,2707.0,45.12,2,2,N,1,1,20.26,104.88,132,238
2024-11-01 11:21:38,2024-11-01 11:29:59,501.0,8.35,2,1,N,1,1,0.91,15.96,234,186
2024-03-27 08:35:35,2024-03-27 08:51:05,930.0,15.5,2,,,,,1.71,21.36,144,90
2024-10-24 09:31:16,2024-10-24 10:13:57,2561.0,42.68,1,1,N,1,3,9.3,73.94,138,229
2024-05-23 20:27:15,2024-05-23 20:39:16,721.0,12.02,2,1,N,1,1,1.3,20.52,211,249
2024-07-20 15:54:31,2024-07-20 16:03:28,537.0,8.95,2,1,N,1,1,2.18,18.48,163,107
2024-07-18 06:52:24,2024-07-18 06:57:22,298.0,4.97,1,1,N,1,1,2.0,16.8,236,161
2024-01-06 14:53:02,2024-01-06 14:59:41,399.0,6.65,2,1,N,1,1,1.01,15.12,75,236
2024-08-13 16:25:35,2024-08-13 16:35:04,569.0,9.48,2,1,N,1,1,0.74,18.96,261,87
2024-07-03 19:51:13,2024-07-03 19:55:51,278.0,4.63,2,1,N,1,1,0.75,13.5,238,239
2024-05-26 13:17:40,2024-05-26 13:24:43,423.0,7.05,2,,,,,0.98,8.46,42,41
2024-02-20 12:22:47,2024-02-20 12:34:32,705.0,11.75,2,1,N,1,1,0.72,17.4,170,237
2024-03-05 08:48:45,2024-03-05 08:58:54,609.0,10.15,2,1,N,1,5,1.1,17.64,234,100
2024-11-19 13:00:41,2024-11-19 13:39:02,2301.0,38.35,2,1,N,1,1,9.54,79.92,138,162
2024-12-27 13:42:04,2024-12-27 13:59:04,1020.0,17.0,1,1,N,2,,1.7,17.5,246,170
2024-03-05 21:57:32,2024-03-05 22:15:27,1075.0,17.92,1,1,N,1,1,3.1,26.4,249,229
2024-11-06 12:52:10,2024-11-06 13:05:01,771.0,12.85,2,1,N,1,1,1.77,21.0,161,234
2024-09-23 20:41:03,2024-09-23 21:00:34,1171.0,19.52,2,1,N,1,1,1.26,26.0,162,48
2024-05-29 15:37:58,2024-05-29 16:00:54,1376.0,22.93,2,1,N,2,1,0.77,23.1,186,170
2024-10-16 20:11:11,2024-10-16 20:34:38,1407.0,23.45,2,1,N,1,1,1.61,31.88,234,246
2024-03-26 18:18:47,2024-03-26 18:47:27,1720.0,28.67,2,1,N,1,1,10.43,72.42,138,209
2024-11-04 04:52:38,2024-11-04 05:09:57,1039.0,17.32,2,,,,,6.1,28.12,116,100
2024-10-13 02:13:20,2024-10-13 02:24:18,658.0,10.97,2,1,N,1,1,1.53,19.68,114,158
2024-09-24 18:09:39,2024-09-24 18:29:36,1197.0,19.95,2,1,N,1,1,3.99,32.01,233,236
2024-10-17 08:00:16,2024-10-17 08:04:17,241.0,4.02,2,1,N,1,1,0.69,11.76,90,90
2024-11-24 22:37:50,2024-11-24 23:12:27,2077.0,34.62,2,2,N,1,1,19.01,98.88,132,68
2024-11-16 16:56:58,2024-11-16 17:39:18,2540.0,42.33,2,1,N,1,1,5.17,43.3,114,262
2024-09-09 14:08:23,2024-09-09 14:55:07,2804.0,46.73,2,1,N,1,1,11.08,75.6,70,230
2024-04-20 15:54:27,2024-04-20 16:15:07,1240.0,20.67,2,,,,,5.84,35.6,140,114
2024-03-15 22:28:47,2024-03-15 22:52:44,1437.0,23.95,1,,,,,1.8,29.32,48,170
2024-03-22 17:20:13,2024-03-22 17:23:50,217.0,3.62,1,1,N,1,1,0.4,12.3,239,239
2024-02-28 10:44:40,2024-02-28 10:49:37,297.0,4.95,2,1,N,1,1,0.8,12.08,170,107
2024-10-22 18:49:40,2024-10-22 19:11:34,1314.0,21.9,2,1,N,1,1,9.04,68.64,138,237
2024-06-02 13:30:31,2024-06-02 13:54:35,1444.0,24.07,2,1,N,1,1,2.61,29.9,151,140
2024-04-02 22:00:57,2024-04-02 22:09:02,485.0,8.08,1,,,,,1.4,13.72,142,68
2024-04-05 09:10:34,2024-04-05 09:16:33,359.0,5.98,2,1,N,2,1,0.87,11.2,230,161
2024-10-17 19:59:31,2024-10-17 20:04:55,324.0,5.4,2,1,N,1,1,0.53,16.25,170,164
2024-12-15 21:12:50,2024-12-15 21:54:50,2520.0,42.0,2,2,N,1,2,16.02,90.9,132,229
2024-10-07 17:54:05,2024-10-07 18:34:25,2420.0,40.33,1,,N,1,1,2.5,30.0,33,17
2024-11-14 19:17:55,2024-11-14 19:32:56,901.0,15.02,1,1,N,1,,2.7,27.35,170,263
2024-06-18 22:04:12,2024-06-18 22:13:19,547.0,9.12,2,1,N,1,1,1.47,18.84,142,140
2024-02-10 18:02:38,2024-02-10 18:45:22,2564.0,42.73,2,1,N,1,2,7.58,55.44,107,189
2024-03-15 14:48:58,2024-03-15 15:15:16,1578.0,26.3,2,1,N,1,2,5.72,38.0,151,90
2024-08-06 20:21:00,2024-08-06 20:28:00,420.0,7.0,2,,,,,0.71,16.29,162,237
2024-02-11 17:33:56,2024-02-11 17:40:19,383.0,6.38,1,1,N,2,1,0.8,11.9,249,113
2024-08-24 22:35:43,2024-08-24 22:42:09,386.0,6.43,2,3,N,2,1,2.91,35.15,132,216
2024-09-24 22:18:24,2024-09-24 22:31:08,764.0,12.73,2,1,N,1,1,1.79,21.36,161,142
2024-11-26 23:15:31,2024-11-26 23:29:27,836.0,13.93,2,1,N,1,1,3.58,27.24,186,75
2024-12-03 15:30:20,2024-12-03 16:15:56,2736.0,45.6,1,1,N,1,,2.7,41.9,249,163
2024-09-04 18:00:03,2024-09-04 18:18:16,1093.0,18.22,1,1,Y,1,2,2.3,29.0,236,161
2024-08-08 12:32:21,2024-08-08 13:05:42,2001.0,33.35,2,1,N,1,2,9.77,60.19,138,65
2024-07-07 17:34:01,2024-07-07 17:39:21,320.0,5.33,2,1,N,1,1,0.64,12.6,230,43
2024-08-31 04:12:50,2024-08-31 04:27:23,873.0,14.55,2,,,,,6.1,32.1,256,141
2024-02-17 21:21:31,2024-02-17 21:38:55,1044.0,17.4,2,1,N,1,1,3.3,28.92,113,236
2024-09-29 13:37:50,2024-09-29 14:13:06,2116.0,35.27,1,,N,1,1,2.6,21.0,17,25
2024-04-18 12:43:55,2024-04-18 12:55:37,702.0,11.7,2,1,N,1,1,0.57,17.64,162,161
2024-04-21 11:14:57,2024-04-21 11:22:03,426.0,7.1,2,1,N,1,1,0.89,15.12,239,142
2024-01-14 16:20:56,2024-01-14 16:27:08,372.0,6.2,2,1,N,1,1,1.06,15.12,239,236
2024-10-17 16:20:17,2024-10-17 16:33:28,791.0,13.18,2,,,,,0.01,21.47,239,263
2024-05-14 15:39:12,2024-05-14 15:51:25,733.0,12.22,1,1,N,1,1,0.6,17.71,237,141
2024-04-17 16:44:30,2024-04-17 17:16:51,1941.0,32.35,2,1,N,1,1,4.68,46.0,137,151
2024-06-13 12:58:09,2024-06-13 13:36:02,2273.0,37.88,2,1,N,1,1,5.16,45.36,234,236
2024-07-10 17:34:35,2024-07-10 17:47:07,752.0,12.53,2,,,,,1.43,18.22,162,140
2024-06-27 20:03:24,2024-06-27 20:40:35,2231.0,37.18,1,1,N,1,1,8.5,47.0,142,127
2024-08-14 20:27:44,2024-08-14 21:17:44,3000.0,50.0,2,1,N,1,1,18.92,79.35,132,25
2024-12-26 12:48:21,2024-12-26 13:12:23,1442.0,24.03,2,5,N,1,2,10.84,83.33,163,138
2024-12-11 12:53:03,2024-12-11 13:24:46,1903.0,31.72,2,,,,,1.11,23.89,50,230
2024-10-28 15:06:39,2024-10-28 16:09:55,3796.0,63.27,2,2,N,1,2,16.93,98.88,132,164
2024-10-22 13:32:36,2024-10-22 13:34:46,130.0,2.17,1,1,N,1,,0.4,10.9,186,90
2024-03-21 14:19:57,2024-03-21 14:29:27,570.0,9.5,2,1,N,1,1,0.88,17.5,161,164
2024-03-07 17:47:41,2024-03-07 18:00:45,784.0,13.07,2,1,N,1,1,2.74,26.52,231,246
2024-04-23 07:28:45,2024-04-23 07:42:02,797.0,13.28,2,,,,,3.1,26.83,238,68
2024-11-10 20:55:45,2024-11-10 21:05:46,601.0,10.02,1,1,N,1,1,1.1,17.9,186,161
2024-03-01 16:42:29,2024-03-01 17:04:05,1296.0,21.6,2,1,N,1,1,3.18,33.24,43,107
2024-05-23 10:45:30,2024-05-23 11:02:04,994.0,16.57,2,1,N,1,1,2.24,22.74,142,236
2024-10-01 10:45:32,2024-10-01 11:06:31,1259.0,20.98,1,1,N,1,2,1.4,26.85,163,236
2024-02-20 15:52:20,2024-02-20 16:03:36,676.0,11.27,2,1,N,1,1,2.13,21.0,237,236
2024-06-01 15:54:55,2024-06-01 16:15:17,1222.0,20.37,2,,,,,2.93,29.64,239,164
2024-05-15 01:37:16,2024-05-15 01:40:23,187.0,3.12,1,1,N,1,1,0.5,13.4,229,162
2024-05-09 22:01:11,2024-05-09 22:31:49,1838.0,30.63,2,2,N,2,2,17.65,82.69,132,234
2024-08-22 13:13:55,2024-08-22 14:17:04,3789.0,63.15,1,,N,1,1,8.1,20.0,152,159
2024-11-14 11:34:08,2024-11-14 11:54:41,1233.0,20.55,2,1,N,1,2,1.01,25.2,90,48
2024-12-21 22:20:37,2024-12-21 22:24:47,250.0,4.17,2,1,N,1,1,0.74,13.8,142,239
2024-03-14 08:35:02,2024-03-14 08:50:32,930.0,15.5,1,1,N,2,,1.6,16.1,141,236
2024-12-06 21:16:00,2024-12-06 21:38:15,1335.0,22.25,2,1,N,1,1,3.4,36.3,186,239
2024-05-07 16:05:19,2024-05-07 16:15:58,639.0,10.65,2,1,N,1,1,1.5,21.48,230,239
2024-04-07 14:31:29,2024-04-07 14:46:55,926.0,15.43,2,1,N,1,1,2.01,24.36,161,236
2024-06-26 08:16:41,2024-06-26 08:23:12,391.0,6.52,2,1,N,1,2,0.73,15.47,236,236
2024-05-24 02:26:24,2024-05-24 02:31:34,310.0,5.17,1,1,N,2,1,0.7,11.5,90,186
2024-06-30 03:13:15,2024-06-30 03:20:08,413.0,6.88,2,,,,,1.87,17.99,79,137
2024-03-02 00:39:31,2024-03-02 00:55:05,934.0,15.57,2,1,N,1,1,3.66,24.1,144,237
2024-08-16 15:31:47,2024-08-16 15:48:09,982.0,16.37,2,1,N,2,1,1.65,19.6,162,142
2024-05-22 20:56:31,2024-05-22 21:02:57,386.0,6.43,2,1,N,1,1,1.07,15.6,161,164
2024-09-26 22:44:59,2024-09-26 22:55:51,652.0,10.87,2,1,N,1,1,1.92,21.36,229,263
2024-01-24 15:04:47,2024-01-24 15:13:08,501.0,8.35,2,1,N,1,2,0.81,15.12,43,237
2024-09-05 13:57:52,2024-09-05 14:52:14,3262.0,54.37,2,4,N,1,2,20.17,193.06,170,1
2024-09-19 11:35:51,2024-09-19 13:09:31,5620.0,93.67,2,1,N,1,1,7.37,88.6,145,138
2024-06-10 18:21:27,2024-06-10 18:29:03,456.0,7.6,1,1,N,1,1,1.3,16.1,141,163
2024-09-21 19:48:32,2024-09-21 19:52:19,227.0,3.78,2,1,N,2,2,0.5,9.8,238,238
2024-02-19 12:47:03,2024-02-19 13:09:30,1347.0,22.45,2,1,N,1,1,3.59,31.08,43,113
2024-11-23 11:50:44,2024-11-23 12:17:31,1607.0,26.78,1,1,N,1,1,4.6,32.5,142,249
2024-06-11 07:15:07,2024-06-11 07:20:17,310.0,5.17,1,1,N,1,2,1.3,15.45,162,234
2024-08-14 20:40:30,2024-08-14 20:49:19,529.0,8.82,2,1,N,2,1,1.95,16.4,236,74
2024-12-21 12:34:50,2024-12-21 12:44:32,582.0,9.7,2,1,N,1,1,1.91,20.12,142,141
2024-08-03 19:22:54,2024-08-03 19:29:00,366.0,6.1,2,1,N,1,3,0.77,13.44,144,79
2024-02-18 09:26:23,2024-02-18 09:36:22,599.0,9.98,2,1,N,1,1,1.91,20.16,143,43
2024-07-09 13:31:28,2024-07-09 14:18:21,2813.0,46.88,2,2,N,1,1,17.07,98.88,132,170
2024-08-27 23:07:02,2024-08-27 23:15:43,521.0,8.68,2,,,,,2.12,17.7,98,131
2024-09-16 22:39:21,2024-09-16 22:47:09,468.0,7.8,2,1,N,2,1,1.0,14.3,186,234
2024-10-05 01:11:02,2024-10-05 01:24:14,792.0,13.2,2,1,N,1,1,2.56,21.2,158,87
2024-04-02 13:53:57,2024-04-02 14:03:40,583.0,9.72,2,1,N,1,1,1.01,16.8,43,163
2024-07-10 08:40:32,2024-07-10 08:51:02,630.0,10.5,1,,,,,1.4,14.97,113,170
2024-07-26 18:02:21,2024-07-26 18:10:43,502.0,8.37,2,1,N,2,1,0.98,15.8,162,163
2024-09-19 10:10:24,2024-09-19 10:31:35,1271.0,21.18,1,1,N,1,1,2.2,27.1,48,163
2024-10-26 10:50:08,2024-10-26 11:00:10,602.0,10.03,2,1,N,2,1,1.28,14.7,161,90
2024-08-18 00:25:38,2024-08-18 00:46:15,1237.0,20.62,2,1,N,1,1,5.76,39.84,88,186
2024-02-15 20:31:20,2024-02-15 20:43:54,754.0,12.57,2,,,,,1.87,18.58,230,234
2024-10-02 16:27:03,2024-10-02 16:43:04,961.0,16.02,2,1,N,1,1,0.91,24.84,186,100
2024-10-18 15:44:36,2024-10-18 16:18:35,2039.0,33.98,2,1,N,4,3,7.1,,161,37
2024-02-04 18:01:13,2024-02-04 18:27:13,1560.0,26.0,2,1,N,1,2,3.77,34.44,246,141
2024-04-24 18:45:08,2024-04-24 18:58:16,788.0,13.13,1,1,N,1,1,1.9,24.0,234,79
2024-12-03 23:53:21,2024-12-04 00:19:02,1541.0,25.68,1,1,N,1,1,9.4,59.7,138,262
2024-09-11 09:24:36,2024-09-11 09:37:24,768.0,12.8,2,1,N,1,1,1.89,21.0,234,237
2024-06-28 22:52:00,2024-06-28 23:10:36,1116.0,18.6,2,1,N,1,5,2.87,28.08,232,170
2024-11-09 01:51:44,2024-11-09 01:57:25,341.0,5.68,2,,,,,1.04,22.06,234,158
2024-04-29 16:31:17,2024-04-29 16:40:08,531.0,8.85,2,1,N,1,1,1.28,19.8,113,107
2024-06-09 19:06:38,2024-06-09 19:13:56,438.0,7.3,1,1,N,1,2,1.3,15.96,186,113
2024-07-06 10:21:28,2024-07-06 10:54:09,1961.0,32.68,2,2,N,2,1,17.97,82.69,132,230
2024-03-21 12:47:25,2024-03-21 12:50:51,206.0,3.43,2,1,N,1,1,0.47,10.92,113,114
2024-12-14 22:18:33,2024-12-14 23:06:27,2874.0,47.9,2,1,N,1,1,4.21,48.71,249,141
2024-02-25 18:30:42,2024-02-25 18:39:36,534.0,8.9,2,1,N,2,2,1.46,14.7,239,163
2024-12-31 17:39:44,2024-12-31 17:50:22,638.0,10.63,2,,,,,0.01,27.5,239,236
2024-04-18 17:47:09,2024-04-18 18:00:20,791.0,13.18,2,1,N,1,1,1.97,24.0,137,144
2024-10-30 06:14:53,2024-10-30 06:45:55,1862.0,31.03,2,1,N,2,1,9.37,44.75,132,196
2024-01-24 00:56:21,2024-01-24 01:10:48,867.0,14.45,2,1,N,4,1,3.47,23.4,263,50
2024-01-23 14:39:09,2024-01-23 14:45:14,365.0,6.08,2,1,N,1,1,0.74,13.44,90,249
2024-11-12 22:28:16,2024-11-12 23:12:54,2678.0,44.63,1,2,N,1,6,24.9,83.69,132,232
2024-12-16 11:55:43,2024-12-16 12:26:52,1869.0,31.15,2,,,,,1.57,35.18,141,161
2024-03-24 19:16:51,2024-03-24 19:26:37,586.0,9.77,2,1,N,1,1,2.29,19.32,229,79
2024-10-08 03:07:52,2024-10-08 03:12:25,273.0,4.55,2,1,N,1,1,1.14,15.48,48,142
2024-06-03 20:03:47,2024-06-03 20:19:19,932.0,15.53,1,1,N,1,1,2.4,26.75,142,233
2024-07-02 20:26:36,2024-07-02 20:33:41,425.0,7.08,1,1,N,1,1,1.7,17.15,161,142
2024-06-06 11:45:39,2024-06-06 12:22:52,2233.0,37.22,2,,,,,2.58,33.18,144,100
2024-11-08 16:55:22,2024-11-08 17:03:30,488.0,8.13,2,,,,,1.47,21.65,90,114
2024-10-19 17:13:39,2024-10-19 17:20:57,438.0,7.3,2,1,N,1,1,1.13,15.12,137,79
2024-03-04 00:14:32,2024-03-04 00:54:41,2409.0,40.15,2,2,N,1,2,17.14,90.96,132,107
2024-04-02 15:48:02,2024-04-02 16:08:08,1206.0,20.1,1,1,N,1,1,4.1,31.05,262,234
2024-07-23 06:33:45,2024-07-23 06:51:19,1054.0,17.57,2,1,N,1,1,3.85,25.2,158,34
2024-08-10 19:04:05,2024-08-10 19:12:15,490.0,8.17,2,1,N,1,1,0.73,15.12,113,79
2024-07-03 10:40:49,2024-07-03 10:51:26,637.0,10.62,2,1,N,1,1,1.91,18.3,151,263
2024-04-08 01:36:12,2024-04-08 01:41:02,290.0,4.83,2,2,N,4,1,0.78,74.0,163,229
2024-03-05 21:32:26,2024-03-05 21:34:33,127.0,2.12,2,1,N,1,1,0.32,11.28,230,48
2024-12-21 09:41:29,2024-12-21 10:16:17,2088.0,34.8,2,2,N,1,1,16.33,88.8,161,132
2024-04-16 19:41:26,2024-04-16 19:47:15,349.0,5.82,2,1,N,2,1,1.43,15.1,229,236
2024-12-10 14:29:15,2024-12-10 14:36:48,453.0,7.55,2,1,N,2,2,1.13,12.6,164,107
2024-05-14 22:03:37,2024-05-14 22:19:13,936.0,15.6,2,1,N,2,1,4.29,24.8,140,152
2024-06-18 20:59:50,2024-06-18 21:21:09,1279.0,21.32,2,1,N,2,2,9.83,52.55,138,144
2024-09-09 12:49:23,2024-09-09 13:08:07,1124.0,18.73,2,1,N,1,1,1.55,24.36,234,161
2024-10-24 17:50:11,2024-10-24 18:17:24,1633.0,27.22,2,1,N,1,1,2.82,36.6,161,249
2024-11-24 21:26:28,2024-11-24 21:31:58,330.0,5.5,2,1,N,4,1,1.14,12.9,75,238
2024-03-04 10:52:09,2024-03-04 11:13:19,1270.0,21.17,2,1,N,1,1,2.63,26.56,68,161
2024-09-11 11:58:01,2024-09-11 13:16:20,4699.0,78.32,2,,,,,17.07,97.57,142,132
2024-11-14 22:47:14,2024-11-14 23:11:14,1440.0,24.0,2,1,N,1,1,10.29,76.59,138,68
2024-06-02 21:37:23,2024-06-02 21:58:27,1264.0,21.07,2,1,N,1,1,1.69,28.08,48,137
2024-08-03 14:28:17,2024-08-03 14:39:26,669.0,11.15,2,1,N,1,1,1.84,19.32,162,237
2024-06-01 21:37:55,2024-06-01 21:53:43,948.0,15.8,2,,,,,3.97,23.57,112,66
2024-07-02 15:35:25,2024-07-02 15:58:08,1363.0,22.72,2,1,N,2,1,6.38,32.15,132,28
2024-09-06 15:58:59,2024-09-06 16:20:04,1265.0,21.08,1,,,,,3.4,26.36,143,234
2024-04-29 09:31:45,2024-04-29 09:42:05,620.0,10.33,2,1,N,1,1,0.95,17.64,137,170
2024-10-16 19:15:49,2024-10-16 19:42:19,1590.0,26.5,2,1,N,2,5,1.73,28.4,229,100
2024-12-29 11:54:05,2024-12-29 12:13:54,1189.0,19.82,2,1,N,1,2,5.24,30.1,236,48
2024-09-04 11:52:31,2024-09-04 12:20:26,1675.0,27.92,2,1,N,1,1,2.38,32.0,161,79
2024-06-22 14:12:53,2024-06-22 14:28:08,915.0,15.25,2,1,N,1,1,1.77,22.68,263,163
2024-12-15 00:38:13,2024-12-15 00:59:36,1283.0,21.38,2,1,N,1,2,3.78,33.12,234,262
2024-01-23 21:29:02,2024-01-23 21:44:16,914.0,15.23,2,1,N,1,3,1.3,23.04,186,230
2024-03-29 12:56:26,2024-03-29 13:26:27,1801.0,30.02,1,1,N,1,1,4.2,42.2,66,158
2024-11-14 16:16:34,2024-11-14 16:37:23,1249.0,20.82,2,1,N,1,1,4.31,35.76,87,249
2024-11-23 16:59:43,2024-11-23 18:04:31,3888.0,64.8,2,2,N,1,1,18.27,98.88,132,148
2024-04-15 01:04:27,2024-04-15 01:34:35,1808.0,30.13,2,2,N,1,4,18.2,92.69,132,230
2024-07-12 19:25:57,2024-07-12 19:33:24,447.0,7.45,1,1,N,3,1,1.3,15.8,186,234
2024-01-05 10:47:53,2024-01-05 10:53:47,354.0,5.9,1,1,N,1,1,0.7,12.5,236,262
2024-06-05 23:19:33,2024-06-05 23:28:08,515.0,8.58,2,1,N,1,2,1.66,18.84,162,140
2024-12-07 15:52:42,2024-12-07 16:15:07,1345.0,22.42,2,1,N,1,1,6.89,38.3,262,88
2024-01-21 21:51:15,2024-01-21 22:00:33,558.0,9.3,2,1,N,1,1,1.51,15.7,230,164
2024-10-01 07:54:23,2024-10-01 08:07:29,786.0,13.1,2,1,N,1,1,2.53,21.9,230,107
2024-06-17 22:20:54,2024-06-17 22:37:57,1023.0,17.05,1,,,,,3.4,25.29,163,148
2024-10-13 02:06:13,2024-10-13 02:21:43,930.0,15.5,1,,,,,4.1,23.46,79,263
2024-08-01 00:54:52,2024-08-01 01:05:47,655.0,10.92,2,1,N,1,1,1.84,21.36,230,237
2024-07-05 07:14:49,2024-07-05 07:17:39,170.0,2.83,1,1,N,1,1,0.6,10.9,100,230
2024-01-06 19:06:00,2024-01-06 19:26:54,1254.0,20.9,2,1,N,1,1,4.8,33.6,263,234
2024-12-11 15:51:19,2024-12-11 16:00:25,546.0,9.1,2,1,N,1,1,1.02,15.4,263,237
2024-03-22 09:14:20,2024-03-22 09:36:12,1312.0,21.87,2,1,N,1,1,3.85,33.25,262,230
2024-03-12 15:47:45,2024-03-12 16:12:03,1458.0,24.3,2,1,N,1,1,8.27,45.3,132,76
2024-08-27 22:56:50,2024-08-27 23:09:14,744.0,12.4,1,1,N,1,1,2.2,20.5,234,163
2024-07-29 15:27:26,2024-07-29 15:35:33,487.0,8.12,2,1,N,1,1,1.15,15.96,234,224
2024-10-15 12:59:19,2024-10-15 13:51:49,3150.0,52.5,2,1,N,1,1,12.7,93.55,186,73
2024-04-03 18:03:32,2024-04-03 18:19:22,950.0,15.83,2,1,N,1,2,2.44,27.36,43,142
2024-05-31 18:20:31,2024-05-31 18:40:40,1209.0,20.15,2,,,,,3.86,30.4,246,151
2024-05-19 11:23:07,2024-05-19 11:58:55,2148.0,35.8,2,2,N,1,2,17.08,99.23,132,170
2024-07-13 13:11:00,2024-07-13 13:37:00,1560.0,26.0,2,,,,,5.55,36.61,13,142
2024-01-27 22:00:46,2024-01-27 22:11:55,669.0,11.15,2,1,N,1,1,2.87,24.87,41,143
2024-03-21 08:20:52,2024-03-21 08:29:25,513.0,8.55,2,1,N,1,1,1.28,14.0,164,249
2024-06-03 08:14:10,2024-06-03 08:28:59,889.0,14.82,2,,,,,1.99,22.53,107,237
2024-03-17 20:01:44,2024-03-17 20:09:51,487.0,8.12,2,1,N,1,2,2.03,16.4,158,48
2024-10-17 21:16:22,2024-10-17 21:27:17,655.0,10.92,2,1,N,1,1,1.48,19.68,68,107
2024-04-03 10:44:13,2024-04-03 11:23:13,2340.0,39.0,2,1,N,1,1,2.56,45.5,249,249
2024-11-25 10:35:30,2024-11-25 10:45:01,571.0,9.52,2,1,N,1,1,1.13,16.8,107,68
2024-01-06 17:53:47,2024-01-06 18:49:03,3316.0,55.27,2,2,N,1,1,19.62,90.55,132,87
2024-07-02 06:54:31,2024-07-02 08:06:56,4345.0,72.42,1,,N,1,1,10.8,41.0,61,262
2024-07-04 23:53:12,2024-07-05 00:25:49,1957.0,32.62,1,1,N,3,,6.2,38.8,68,256
2024-05-02 10:50:56,2024-05-02 11:07:41,1005.0,16.75,2,1,N,1,2,1.76,23.52,161,246
2024-06-15 11:36:45,2024-06-15 11:53:08,983.0,16.38,2,1,N,1,2,2.55,22.0,68,79
2024-05-09 10:23:22,2024-05-09 10:34:19,657.0,10.95,1,1,N,1,1,1.5,16.8,163,43
2024-06-07 10:51:21,2024-06-07 11:09:08,1067.0,17.78,2,1,N,1,1,1.31,22.6,161,141
2024-12-13 17:29:01,2024-12-13 17:55:51,1610.0,26.83,2,1,N,1,6,3.41,35.76,114,97
2024-07-08 21:46:12,2024-07-08 21:57:43,691.0,11.52,2,,,,,1.31,14.32,161,142
2024-11-27 14:33:53,2024-11-27 15:09:01,2108.0,35.13,2,1,N,1,1,8.33,63.96,138,262
2024-07-10 09:28:36,2024-07-10 09:46:58,1102.0,18.37,2,1,N,1,1,1.76,25.2,68,158
2024-09-03 19:51:15,2024-09-03 20:04:51,816.0,13.6,1,1,N,4,1,0.5,13.7,43,163
2024-03-06 18:41:57,2024-03-06 18:52:17,620.0,10.33,2,1,N,1,1,1.0,19.2,164,233
2024-07-31 21:11:29,2024-07-31 21:48:01,2192.0,36.53,2,2,N,2,1,16.96,82.69,132,113
2024-04-03 18:49:30,2024-04-03 19:06:01,991.0,16.52,2,1,N,1,1,1.11,24.84,48,161
2024-05-22 15:00:17,2024-05-22 15:06:40,383.0,6.38,2,1,N,1,1,0.98,14.28,234,68
2024-03-20 07:17:54,2024-03-20 07:29:27,693.0,11.55,1,1,N,1,1,1.4,17.65,186,161
2024-03-13 19:04:37,2024-03-13 19:50:45,2768.0,46.13,2,1,N,1,1,8.92,88.05,161,138
2024-08-14 21:59:05,2024-08-14 22:10:55,710.0,11.83,2,1,N,1,1,3.04,24.72,142,75
2024-03-09 19:58:17,2024-03-09 20:06:45,508.0,8.47,1,1,N,1,1,1.2,17.0,68,186
2024-08-10 16:28:05,2024-08-10 16:40:51,766.0,12.77,1,1,Y,1,,1.2,16.4,90,114
2024-08-19 18:51:47,2024-08-19 19:02:57,670.0,11.17,2,1,N,1,1,2.05,22.2,246,79
2024-04-08 22:22:59,2024-04-08 22:35:36,757.0,12.62,2,1,N,1,1,5.5,35.38,170,88
2024-04-22 14:35:15,2024-04-22 15:03:17,1682.0,28.03,1,1,N,2,2,9.7,58.14,164,138
2024-12-04 22:24:02,2024-12-04 22:36:14,732.0,12.2,2,1,N,1,1,2.58,24.72,148,80
2024-12-28 14:43:18,2024-12-28 14:56:11,773.0,12.88,2,1,N,1,1,1.1,18.1,100,233
2024-10-10 13:53:51,2024-10-10 13:57:52,241.0,4.02,2,1,N,1,1,0.64,11.76,249,246
2024-05-15 12:40:11,2024-05-15 12:54:34,863.0,14.38,2,1,N,1,2,1.88,21.84,237,262
2024-05-18 01:24:30,2024-05-18 01:35:34,664.0,11.07,2,1,N,1,1,1.16,19.68,48,170
2024-02-11 10:13:22,2024-02-11 10:17:44,262.0,4.37,2,1,N,1,2,0.93,12.6,140,233
2024-03-29 13:32:12,2024-03-29 13:51:38,1166.0,19.43,2,,,,,4.54,27.57,166,163
2024-04-17 08:11:01,2024-04-17 08:44:18,1997.0,33.28,2,1,N,1,1,8.65,56.39,138,141
2024-07-14 17:16:56,2024-07-14 17:29:07,731.0,12.18,2,,,,,3.29,24.48,87,79
2024-04-16 17:34:00,2024-04-16 17:52:05,1085.0,18.08,2,,,,,1.58,17.57,141,142
2024-05-05 17:44:51,2024-05-05 17:55:19,628.0,10.47,2,1,N,1,3,1.14,15.7,48,161
2024-10-31 18:58:09,2024-10-31 19:00:25,136.0,2.27,2,1,N,1,1,0.48,13.92,107,170
2024-03-05 18:49:32,2024-03-05 18:53:02,210.0,3.5,2,1,N,2,1,0.66,12.3,237,237
2024-09-20 23:05:31,2024-09-20 23:17:40,729.0,12.15,1,1,N,1,1,2.6,23.85,162,75
2024-05-28 16:28:22,2024-05-28 16:53:11,1489.0,24.82,1,1,N,1,1,8.8,62.69,138,236
2024-09-25 22:43:53,2024-09-25 22:53:34,581.0,9.68,2,,,,,1.87,16.59,234,249
2024-10-28 09:02:25,2024-10-28 09:18:34,969.0,16.15,2,1,N,1,1,2.27,23.34,141,100
2024-06-17 02:18:25,2024-06-17 02:34:23,958.0,15.97,1,1,N,2,1,3.6,19.5,168,69
2024-06-20 18:25:18,2024-06-20 18:57:25,1927.0,32.12,2,1,N,1,1,4.11,43.32,230,41
2024-09-15 22:37:57,2024-09-15 22:45:34,457.0,7.62,1,1,N,2,2,1.1,14.3,90,164
2024-05-18 23:01:05,2024-05-18 23:20:29,1164.0,19.4,2,1,N,1,1,4.83,35.64,68,238
2024-04-30 07:51:02,2024-04-30 09:09:22,4700.0,78.33,1,,N,1,1,15.6,34.0,76,231
2024-07-21 18:24:04,2024-07-21 18:49:22,1518.0,25.3,2,1,N,1,1,9.23,64.32,138,238
2024-07-23 09:49:31,2024-07-23 10:55:48,3977.0,66.28,1,1,N,1,2,18.6,89.62,132,61
2024-05-31 22:03:30,2024-05-31 22:19:12,942.0,15.7,2,1,N,1,1,2.73,25.56,90,229
2024-11-19 12:29:52,2024-11-19 12:47:10,1038.0,17.3,2,1,N,1,1,3.53,35.94,70,7
2024-01-24 17:29:04,2024-01-24 17:50:09,1265.0,21.08,1,1,N,1,1,2.1,26.5,161,249
2024-07-21 03:04:17,2024-07-21 03:32:44,1707.0,28.45,2,1,N,4,1,19.96,,132,26
2024-10-14 13:26:25,2024-10-14 13:33:54,449.0,7.48,2,1,N,1,1,0.89,14.1,239,142
2024-05-05 12:10:24,2024-05-05 12:30:21,1197.0,19.95,1,,,,,3.0,25.37,238,68
2024-02-29 01:00:03,2024-02-29 01:06:50,407.0,6.78,1,1,N,1,1,0.9,16.6,161,230
2024-03-13 13:01:25,2024-03-13 13:03:27,122.0,2.03,2,1,N,1,1,0.41,9.91,148,148
2024-04-18 12:37:29,2024-04-18 12:48:02,633.0,10.55,2,1,N,2,1,0.6,14.0,48,230
2024-03-03 01:12:46,2024-03-03 01:19:44,418.0,6.97,1,1,N,1,1,1.2,13.6,79,249
2024-05-01 12:28:43,2024-05-01 13:01:33,1970.0,32.83,2,1,N,2,1,3.66,33.6,13,230
2024-11-14 16:09:06,2024-11-14 16:27:16,1090.0,18.17,2,1,N,1,1,0.92,26.52,237,162
2024-05-29 14:11:54,2024-05-29 14:21:29,575.0,9.58,1,1,N,1,,1.4,13.8,151,166
2024-05-12 19:43:09,2024-05-12 20:37:29,3260.0,54.33,2,2,N,1,1,29.27,98.88,132,87
2024-12-03 15:17:31,2024-12-03 15:25:04,453.0,7.55,2,1,N,2,4,0.82,12.6,230,142
2024-02-16 09:14:48,2024-02-16 09:37:27,1359.0,22.65,2,1,N,1,1,2.3,27.83,164,143
2024-12-15 01:24:18,2024-12-15 01:52:09,1671.0,27.85,1,1,N,1,1,7.2,52.6,246,255
2024-10-12 18:18:45,2024-10-12 18:25:48,423.0,7.05,2,1,N,1,2,0.38,14.28,163,230
2024-03-11 17:24:29,2024-03-11 17:35:18,649.0,10.82,2,1,N,1,1,1.95,18.6,43,142
2024-12-27 15:57:58,2024-12-27 16:22:55,1497.0,24.95,1,1,N,1,1,5.7,38.65,230,88
2024-03-23 00:48:26,2024-03-23 01:01:27,781.0,13.02,1,1,N,1,1,2.8,21.9,263,145
2024-08-24 23:13:06,2024-08-24 23:19:27,381.0,6.35,2,1,N,1,2,0.61,12.2,164,186
2024-11-01 00:47:47,2024-11-01 00:55:38,471.0,7.85,2,1,N,1,4,1.09,17.16,114,125
2024-01-30 16:54:39,2024-01-30 17:27:50,1991.0,33.18,2,1,N,1,1,4.07,43.32,237,79
2024-01-23 17:12:52,2024-01-23 17:18:19,327.0,5.45,2,1,N,1,1,0.99,16.44,237,141
2024-12-09 19:14:40,2024-12-09 19:30:11,931.0,15.52,2,1,N,1,1,0.93,24.84,163,229
2024-11-04 15:19:45,2024-11-04 15:36:06,981.0,16.35,2,1,N,1,1,2.01,24.36,236,238
2024-11-04 11:05:27,2024-11-04 11:18:18,771.0,12.85,2,1,N,1,1,1.46,21.0,249,144
2024-02-03 14:27:11,2024-02-03 14:37:32,621.0,10.35,1,1,N,1,,1.9,19.3,236,41
2024-10-16 12:31:04,2024-10-16 12:55:11,1447.0,24.12,2,1,N,1,1,2.8,27.7,186,148
2024-05-12 07:51:48,2024-05-12 07:54:21,153.0,2.55,2,1,N,1,1,0.58,11.37,140,229
2024-03-29 22:25:22,2024-03-29 22:35:29,607.0,10.12,2,1,N,2,4,1.21,15.7,163,230
2024-05-09 12:08:16,2024-05-09 13:00:30,3134.0,52.23,2,1,N,1,2,10.26,85.29,138,163
2024-09-12 01:10:16,2024-09-12 01:53:39,2603.0,43.38,2,2,N,2,4,17.0,82.69,132,68
2024-12-08 17:52:06,2024-12-08 18:16:43,1477.0,24.62,1,1,N,1,1,7.6,62.09,138,236
2024-11-08 23:08:18,2024-11-08 23:44:18,2160.0,36.0,1,1,N,1,1,22.9,127.93,132,214
2024-01-26 18:41:50,2024-01-26 18:51:25,575.0,9.58,2,1,N,1,2,0.97,19.8,186,48
2024-09-21 18:28:18,2024-09-21 18:47:27,1149.0,19.15,2,1,N,4,2,2.34,22.4,68,211
2024-07-15 22:28:04,2024-07-15 22:46:00,1076.0,17.93,2,1,N,2,1,1.88,21.3,161,186
2024-08-18 17:42:18,2024-08-18 17:48:26,368.0,6.13,2,1,N,1,1,1.1,14.28,211,231
2024-10-25 21:36:08,2024-10-25 21:48:46,758.0,12.63,2,1,N,1,2,1.67,20.5,170,4
2024-04-25 12:56:58,2024-04-25 13:04:23,445.0,7.42,2,1,N,1,1,1.19,15.12,246,68
2024-09-02 11:08:45,2024-09-02 11:14:19,334.0,5.57,2,1,N,1,1,1.0,13.9,107,137
2024-06-21 03:49:41,2024-06-21 04:08:21,1120.0,18.67,2,1,N,1,3,5.3,36.1,79,188
2024-03-12 18:15:01,2024-03-12 18:17:41,160.0,2.67,2,1,N,1,1,0.43,13.1,141,140
2024-05-02 10:45:55,2024-05-02 11:02:02,967.0,16.12,2,1,N,2,1,1.65,18.9,262,237
2024-05-31 16:05:09,2024-05-31 16:25:39,1230.0,20.5,2,1,N,1,1,1.83,29.04,161,141
2024-05-12 13:14:17,2024-05-12 13:34:32,1215.0,20.25,1,,,,,5.3,41.89,166,127
2024-01-12 18:14:15,2024-01-12 18:37:15,1380.0,23.0,2,1,N,1,1,6.94,44.9,162,13
2024-02-09 21:04:27,2024-02-09 21:29:43,1516.0,25.27,2,1,N,1,1,2.84,32.28,79,164
2024-02-18 17:05:47,2024-02-18 17:19:38,831.0,13.85,2,1,N,1,1,1.31,20.16,163,170
2024-03-11 09:31:07,2024-03-11 10:02:48,1901.0,31.68,2,1,N,1,1,3.74,38.64,68,263
2024-07-13 01:46:36,2024-07-13 01:52:51,375.0,6.25,1,1,N,1,2,1.8,18.0,158,68
2024-05-18 19:46:06,2024-05-18 19:51:36,330.0,5.5,1,1,N,2,3,1.4,11.1,166,116
2024-09-14 10:04:13,2024-09-14 10:11:42,449.0,7.48,2,1,N,1,1,1.15,15.69,262,237
2024-11-19 09:19:33,2024-11-19 09:37:35,1082.0,18.03,1,1,N,1,1,2.6,24.36,238,163
2024-08-25 21:16:09,2024-08-25 21:24:21,492.0,8.2,2,1,N,2,2,0.9,14.3,170,230
2024-05-06 14:00:47,2024-05-06 14:05:47,300.0,5.0,1,1,N,1,1,0.8,13.4,233,233
2024-12-26 12:21:51,2024-12-26 12:27:58,367.0,6.12,2,1,N,1,5,0.82,14.0,162,237
2024-12-22 13:57:29,2024-12-22 14:08:50,681.0,11.35,2,1,N,1,4,1.32,18.48,68,144
2024-02-15 23:35:39,2024-02-15 23:50:13,874.0,14.57,1,1,N,1,1,3.9,30.6,79,87
2024-11-25 20:51:43,2024-11-25 21:00:13,510.0,8.5,2,1,N,1,1,1.27,17.16,230,170
2024-10-12 08:57:53,2024-10-12 09:27:50,1797.0,29.95,2,2,N,1,1,18.92,101.17,262,132
2024-12-20 17:05:18,2024-12-20 17:43:37,2299.0,38.32,2,1,N,1,1,6.55,51.98,236,125
2024-06-30 17:13:00,2024-06-30 17:20:40,460.0,7.67,2,1,N,1,1,1.75,17.64,161,142
2024-10-08 14:57:03,2024-10-08 15:21:22,1459.0,24.32,1,1,N,1,1,1.9,28.55,236,163
2024-06-04 16:39:32,2024-06-04 17:19:43,2411.0,40.18,2,1,N,1,1,9.54,75.29,161,138
2024-09-12 19:11:11,2024-09-12 19:19:09,478.0,7.97,1,1,N,1,1,1.0,17.3,142,230
2024-05-31 18:06:56,2024-05-31 18:20:24,808.0,13.47,2,1,N,1,1,1.91,24.84,107,148
2024-06-15 18:41:07,2024-06-15 19:08:01,1614.0,26.9,1,1,N,1,1,5.7,39.45,43,79
2024-01-17 14:58:12,2024-01-17 15:11:09,777.0,12.95,1,1,N,1,1,1.2,20.1,230,68
2024-07-18 16:39:32,2024-07-18 17:39:38,3606.0,60.1,2,1,N,1,1,15.76,98.21,132,255
2024-04-24 21:54:23,2024-04-24 22:23:35,1752.0,29.2,2,2,N,1,2,17.96,99.8,132,41
2024-06-06 18:21:05,2024-06-06 18:52:25,1880.0,31.33,1,,,,,1.6,33.07,234,161
2024-03-02 14:53:34,2024-03-02 15:05:16,702.0,11.7,2,,,,,1.06,16.31,249,114
2024-05-08 17:50:29,2024-05-08 17:56:36,367.0,6.12,2,,,,,1.2,17.87,68,158
2024-11-27 09:18:30,2024-11-27 09:49:44,1874.0,31.23,2,1,N,1,3,8.38,62.38,166,138
2024-04-02 23:02:20,2024-04-02 23:12:14,594.0,9.9,2,1,N,1,1,1.92,21.36,263,239
2024-03-01 19:57:49,2024-03-01 20:05:00,431.0,7.18,2,1,N,1,2,0.87,16.32,140,141
2024-01-31 18:18:53,2024-01-31 18:31:20,747.0,12.45,1,1,N,1,1,1.7,21.6,161,140
2024-02-20 19:48:29,2024-02-20 19:54:18,349.0,5.82,1,,,,,0.0,12.69,13,87
2024-08-01 13:45:59,2024-08-01 14:04:43,1124.0,18.73,2,1,N,1,1,2.19,23.1,170,114
2024-11-19 15:35:41,2024-11-19 15:50:29,888.0,14.8,2,1,N,1,1,1.04,21.88,230,237
2024-01-13 14:35:48,2024-01-13 14:47:42,714.0,11.9,2,1,N,1,1,2.31,21.84,137,249
2024-07-13 23:40:47,2024-07-13 23:49:41,534.0,8.9,2,1,N,1,2,1.62,19.62,239,50
2024-06-14 15:33:56,2024-06-14 15:38:08,252.0,4.2,2,1,N,3,1,1.04,11.2,114,234
2024-05-13 19:26:02,2024-05-13 19:37:14,672.0,11.2,2,1,N,1,1,2.08,21.3,238,141
2024-04-24 17:23:54,2024-04-24 17:32:51,537.0,8.95,2,1,N,1,1,1.43,22.37,13,158
2024-06-22 19:05:04,2024-06-22 19:39:37,2073.0,34.55,1,1,N,2,1,4.5,36.4,144,48
2024-09-21 10:35:23,2024-09-21 10:44:40,557.0,9.28,2,1,N,1,1,2.13,19.32,233,113
2024-05-17 12:39:48,2024-05-17 13:32:53,3185.0,53.08,2,1,N,1,2,10.48,77.8,138,114
2024-03-24 19:22:27,2024-03-24 19:33:35,668.0,11.13,1,1,N,2,1,1.8,16.8,263,238
2024-09-24 14:50:39,2024-09-24 15:02:24,705.0,11.75,2,1,N,1,1,0.65,18.48,90,113
2024-04-09 09:24:04,2024-04-09 09:46:15,1331.0,22.18,2,1,N,1,1,2.67,28.56,145,141
2024-08-09 19:09:14,2024-08-09 19:15:16,362.0,6.03,2,1,N,1,1,0.65,16.44,113,90
2024-10-08 16:23:04,2024-10-08 16:32:11,547.0,9.12,2,1,N,1,1,0.9,20.62,113,234
2024-02-02 17:03:17,2024-02-02 17:26:05,1368.0,22.8,1,1,N,1,1,2.9,29.9,48,224
2024-04-17 17:09:24,2024-04-17 17:38:57,1773.0,29.55,2,1,N,1,1,7.21,49.14,132,134
2024-09-21 03:31:47,2024-09-21 03:43:41,714.0,11.9,1,1,N,2,1,0.0,15.7,246,170
2024-08-29 10:04:12,2024-08-29 10:39:25,2113.0,35.22,2,1,N,1,2,11.13,70.34,138,161
2024-08-20 15:12:37,2024-08-20 15:19:33,416.0,6.93,2,1,N,1,1,1.18,13.86,237,236
2024-08-25 00:21:25,2024-08-25 00:34:53,808.0,13.47,2,1,N,1,4,3.09,25.56,164,141
2024-07-12 21:39:33,2024-07-12 21:44:53,320.0,5.33,1,1,N,2,1,0.5,10.8,232,148
2024-03-08 23:36:40,2024-03-08 23:41:02,262.0,4.37,2,1,N,1,2,0.36,12.42,114,113
2024-05-23 20:30:25,2024-05-23 20:51:35,1270.0,21.17,1,1,N,1,1,1.4,26.4,48,186
2024-01-09 17:23:48,2024-01-09 17:31:13,445.0,7.42,2,1,N,1,2,0.64,16.4,48,230
2024-10-13 14:53:38,2024-10-13 14:58:31,293.0,4.88,2,1,N,1,2,0.8,12.5,161,141
2024-11-02 23:39:40,2024-11-02 23:45:33,353.0,5.88,2,,,,,1.46,10.74,76,76
2024-09-30 10:34:30,2024-09-30 10:42:11,461.0,7.68,1,1,N,1,1,0.7,12.6,237,236
2024-01-24 11:03:54,2024-01-24 11:16:33,759.0,12.65,2,1,N,1,1,2.03,19.32,186,114
2024-07-12 13:35:03,2024-07-12 13:44:06,543.0,9.05,2,1,N,1,1,1.36,17.64,151,143
2024-04-03 21:30:54,2024-04-03 21:38:42,468.0,7.8,1,1,N,2,2,1.4,15.0,43,236
2024-07-06 18:37:08,2024-07-06 18:54:52,1064.0,17.73,1,1,N,1,1,9.4,65.14,138,140
2024-02-29 18:49:23,2024-02-29 18:55:28,365.0,6.08,2,1,N,1,1,0.48,14.7,48,68
2024-08-26 23:49:55,2024-08-27 00:23:11,1996.0,33.27,1,2,N,1,1,21.1,95.75,132,88
2024-01-14 11:56:19,2024-01-14 11:58:00,101.0,1.68,2,1,N,3,1,0.0,7.7,100,100
2024-02-22 09:37:44,2024-02-22 09:51:17,813.0,13.55,2,1,N,1,2,1.84,20.2,239,263
2024-02-22 14:20:44,2024-02-22 14:28:10,446.0,7.43,2,1,N,2,1,1.11,13.3,151,239
2024-09-17 15:24:36,2024-09-17 15:56:19,1903.0,31.72,1,1,N,1,,2.7,29.2,234,237
2024-08-24 16:05:36,2024-08-24 16:45:51,2415.0,40.25,1,1,N,1,1,10.4,60.9,237,185
2024-10-10 18:35:10,2024-10-10 18:44:04,534.0,8.9,1,1,N,1,1,1.1,17.3,141,263
2024-05-16 09:56:21,2024-05-16 09:59:39,198.0,3.3,1,1,N,1,1,0.7,12.8,48,143
2024-07-09 16:41:15,2024-07-09 18:11:04,5389.0,89.82,2,2,N,1,1,18.59,109.61,132,163
2024-11-05 16:23:16,2024-11-05 16:28:22,306.0,5.1,2,1,N,1,1,0.53,12.0,162,237
2024-10-07 11:44:49,2024-10-07 11:56:51,722.0,12.03,2,1,N,2,1,1.75,16.8,114,170
2024-05-26 19:39:35,2024-05-26 20:01:18,1303.0,21.72,1,1,N,1,4,3.2,27.7,79,230
2024-08-12 13:11:43,2024-08-12 13:26:32,889.0,14.82,2,1,N,1,1,2.18,23.52,140,161
2024-01-25 11:14:50,2024-01-25 11:18:01,191.0,3.18,2,1,N,1,5,0.65,11.76,236,236
2024-11-15 17:31:49,2024-11-15 17:48:01,972.0,16.2,1,1,N,1,1,2.2,25.7,162,114
2024-10-22 22:19:03,2024-10-22 22:37:32,1109.0,18.48,2,1,N,1,1,3.43,27.28,230,144
2024-01-24 22:24:42,2024-01-24 22:44:20,1178.0,19.63,2,1,N,1,1,3.64,32.28,164,238
2024-06-22 06:11:40,2024-06-22 06:17:29,349.0,5.82,2,1,N,1,1,1.25,15.12,163,186
2024-11-22 18:24:16,2024-11-22 19:28:30,3854.0,64.23,2,2,N,1,1,19.5,90.94,236,132
2024-12-14 15:19:38,2024-12-14 15:45:34,1556.0,25.93,1,1,N,2,,3.1,28.0,161,148
2024-09-13 21:33:17,2024-09-13 21:38:20,303.0,5.05,2,1,N,1,2,0.96,14.64,263,237
2024-11-10 16:01:47,2024-11-10 16:12:02,615.0,10.25,1,1,N,1,1,1.4,16.0,161,236
2024-04-16 07:19:50,2024-04-16 07:31:18,688.0,11.47,1,1,N,1,1,2.5,21.8,48,238
2024-03-13 12:55:03,2024-03-13 13:04:05,542.0,9.03,2,1,N,1,1,0.82,13.3,141,237
2024-10-08 14:26:37,2024-10-08 14:43:12,995.0,16.58,2,1,N,1,1,2.38,24.36,140,43
2024-12-04 23:43:49,2024-12-05 00:02:45,1136.0,18.93,2,1,N,1,1,1.07,25.56,170,100
2024-10-01 10:48:04,2024-10-01 10:56:27,503.0,8.38,2,1,N,1,1,0.89,15.3,144,148
2024-05-01 20:39:04,2024-05-01 21:02:08,1384.0,23.07,2,1,N,1,2,6.75,39.0,142,87
2024-04-28 14:33:28,2024-04-28 14:43:34,606.0,10.1,2,1,N,2,1,1.72,13.6,151,42
2024-05-15 16:22:40,2024-05-15 16:33:24,644.0,10.73,2,1,N,1,1,0.87,17.2,237,170
2024-06-12 21:15:08,2024-06-12 21:48:27,1999.0,33.32,2,2,N,1,1,17.13,90.9,132,141
2024-01-18 12:20:26,2024-01-18 12:29:49,563.0,9.38,1,1,N,1,3,1.2,15.95,141,262
2024-03-14 07:59:49,2024-03-14 08:06:09,380.0,6.33,2,1,N,1,1,1.07,15.12,230,246
2024-03-01 19:25:18,2024-03-01 19:35:36,618.0,10.3,2,1,N,1,2,1.26,20.64,237,142
2024-11-15 22:30:45,2024-11-15 22:43:59,794.0,13.23,2,1,N,1,1,2.74,24.87,161,262
2024-03-17 11:57:55,2024-03-17 12:35:27,2252.0,37.53,2,1,N,1,2,2.4,41.16,229,143
2024-10-16 20:37:01,2024-10-16 20:42:56,355.0,5.92,1,1,N,1,1,0.9,14.9,238,142
2024-12-11 17:26:09,2024-12-11 17:37:32,683.0,11.38,2,1,N,1,1,0.88,21.48,239,142
2024-09-11 19:36:54,2024-09-11 19:57:11,1217.0,20.28,2,1,N,1,1,2.39,27.39,161,113
2024-05-24 13:53:00,2024-05-24 14:36:57,2637.0,43.95,2,1,N,2,1,10.35,58.9,163,138
2024-01-20 08:19:35,2024-01-20 08:25:07,332.0,5.53,2,1,N,1,1,1.4,14.28,237,170
2024-04-04 22:39:38,2024-04-04 22:52:56,798.0,13.3,2,1,N,1,1,2.51,29.9,158,161
2024-08-18 10:54:47,2024-08-18 11:04:15,568.0,9.47,2,,,,,1.86,19.19,237,239
2024-09-11 18:19:56,2024-09-11 18:26:10,374.0,6.23,2,1,N,1,1,21.55,24.31,237,262
2024-09-13 18:59:25,2024-09-13 19:19:27,1202.0,20.03,2,,,,,0.0,32.11,125,239
2024-02-13 16:01:37,2024-02-13 16:09:04,447.0,7.45,2,1,N,1,1,1.6,18.5,141,229
2024-02-18 09:54:35,2024-02-18 09:58:16,221.0,3.68,1,1,N,1,1,1.0,11.55,43,75
2024-04-28 12:58:58,2024-04-28 14:08:09,4151.0,69.18,2,1,N,1,3,19.01,104.59,132,181
2024-09-09 15:29:19,2024-09-09 15:36:07,408.0,6.8,1,1,N,2,1,0.9,11.9,233,170
2024-04-28 12:01:04,2024-04-28 12:11:57,653.0,10.88,2,1,N,1,1,2.47,21.0,233,79
2024-03-04 07:22:38,2024-03-04 08:34:02,4284.0,71.4,1,,N,1,1,0.5,47.0,20,87
2024-04-02 12:11:07,2024-04-02 12:16:01,294.0,4.9,2,1,N,2,1,0.51,10.5,237,161
2024-02-07 23:26:44,2024-02-07 23:35:05,501.0,8.35,2,1,N,1,2,2.59,22.2,140,107
2024-05-19 20:59:19,2024-05-19 21:03:12,233.0,3.88,2,1,N,1,1,0.81,11.5,107,170
2024-10-30 10:34:16,2024-10-30 10:49:34,918.0,15.3,1,1,N,1,4,0.5,18.5,246,48
2024-10-09 15:44:36,2024-10-09 16:38:47,3251.0,54.18,1,,N,1,1,5.1,32.0,162,223
2024-05-26 12:49:55,2024-05-26 13:09:14,1159.0,19.32,2,,,,,7.72,52.56,233,138
2024-03-06 14:19:00,2024-03-06 14:29:53,653.0,10.88,2,1,N,1,1,1.1,18.38,107,170
2024-12-11 12:18:19,2024-12-11 12:48:40,1821.0,30.35,2,1,N,2,1,0.78,28.0,137,170
2024-05-26 10:37:30,2024-05-26 10:55:14,1064.0,17.73,2,,,,,5.76,29.75,116,229
2024-11-02 02:18:58,2024-11-02 02:24:38,340.0,5.67,2,1,N,1,3,1.32,13.6,90,230
2024-02-09 15:18:08,2024-02-09 16:16:18,3490.0,58.17,2,1,N,1,2,10.15,87.42,138,211
2024-06-09 00:07:30,2024-06-09 00:20:27,777.0,12.95,2,1,N,2,4,1.69,18.5,100,161
2024-09-27 18:31:21,2024-09-27 18:37:59,398.0,6.63,2,1,N,1,1,0.94,17.28,237,236
2024-06-05 18:13:17,2024-06-05 18:21:06,469.0,7.82,2,1,N,1,1,0.89,18.12,237,263
2024-04-04 20:09:44,2024-04-04 20:17:08,444.0,7.4,2,1,N,2,1,1.04,13.6,161,164
2024-09-23 09:44:50,2024-09-23 10:00:42,952.0,15.87,2,1,N,1,1,2.95,26.04,43,48
2024-09-07 13:24:52,2024-09-07 13:53:54,1742.0,29.03,2,1,N,2,1,10.44,60.94,90,138
2024-05-19 12:25:05,2024-05-19 12:36:00,655.0,10.92,2,1,N,2,1,2.54,18.9,231,246
2024-07-22 10:26:25,2024-07-22 10:42:06,941.0,15.68,2,1,N,1,3,3.33,31.98,138,138
2024-12-15 00:24:56,2024-12-15 00:30:48,352.0,5.87,2,1,N,2,3,0.56,12.2,237,140
2024-09-06 20:10:50,2024-09-06 20:25:20,870.0,14.5,1,,,,,4.4,27.51,50,75
2024-04-17 17:05:39,2024-04-17 17:18:38,779.0,12.98,1,1,N,2,,2.1,20.7,236,142
2024-11-25 22:15:54,2024-11-25 22:26:52,658.0,10.97,2,1,N,1,1,2.14,18.69,161,113
2024-07-18 16:51:47,2024-07-18 16:59:20,453.0,7.55,2,1,N,2,3,0.73,14.4,163,43
2024-10-06 18:51:05,2024-10-06 18:54:39,214.0,3.57,2,1,N,1,1,0.63,11.76,238,238
2024-02-15 15:58:00,2024-02-15 16:05:21,441.0,7.35,2,1,N,1,1,1.2,12.96,41,166
